1,Fire Bolt,0,ENEMY,,0,0,,,,SPHERE,40,
2,Fireball,0,ENEMY,,0,0,,,,SPHERE,40,
3,Fire Sphere,0,ENEMY,,0,0,,,,SPHERE,200,
4,Test Sphere,0,ENEMY,,0,0,,,,BOX,200,200,200,
6,Test Poison Gas Trap,0,ENEMY,,0,0,,,,SPHERE,200,
7,Test Field,0,ENEMY,,0,0,,,,SPHERE,500,
8,test5,0,ENEMY,,0,0,,,,SPHERE,500,
9,test6,0,ENEMY,,0,0,,,,SPHERE,0,
10,test6 (Content),0,ENEMY,,0,0,,,,SPHERE,1500,
11,Effect Test 01,0,ALL,,0,0,,,,SPHERE,1000,
991101,Successfully Disarmed,0,ENEMY,,0,0,,,,SPHERE,10,
10000041,Flame,2,ENEMY,,0,0,,,,SPHERE,140,
10000042,Hell Flame,2,ENEMY,,0,0,,,,SPHERE,10,
10000043,Flame,2,ENEMY,,0,0,,,,SPHERE,140,
10000051,Land Mine,3,ENEMY,,0,0,,,,SPHERE,500,
10000052,Killing Machine,6,ENEMY,,0,0,,,,SPHERE,800,
10000053,Land Mine,6,ENEMY,,0,0,,,,SPHERE,800,
10000061,Poison Gas,0,ENEMY,,0,0,,,,SPHERE,500,
10000062,Poison Gas (Large),0,ENEMY,,0,0,,,,SPHERE,500,
10000071,Arrow,4,ENEMY,,0,0,,,,SPHERE,200,
10000072,Poison Arrow,4,ENEMY,,0,0,,,,SPHERE,200,
10000073,Paralysis Arrow,4,ENEMY,,0,0,,,,SPHERE,200,
10000074,Sleep Arrow ,4,ENEMY,,0,0,,,,SPHERE,200,
10000081,Rockfall,1,ENEMY,,0,0,,,,SPHERE,200,
10000082,Rockfall,1,ENEMY,,0,0,,,,SPHERE,200,
10000091,Poison Gas (Small),0,ENEMY,,0,0,,,,SPHERE,200,
10000101,Sleep Gas (Small),0,ENEMY,,0,0,,,,SPHERE,180,
10000102,Sleep Gas (Large),0,ENEMY,,0,0,,,,SPHERE,400,
10000111,Petrify Gas (Small),0,ENEMY,,0,0,,,,SPHERE,180,
10000112,Petrify Gas (Large),0,ENEMY,,0,0,,,,SPHERE,400,
10000121,Teleporter,0,ENEMY,,0,0,,,,SPHERE,500,
21010031,Explosive Box,5,ENEMY,,0,0,,,,SPHERE,300,
21010051,Chest Switch,0,ENEMY,,0,0,,,,SPHERE,300,
21010052,Chest Switch (Fuse),0,ENEMY,,0,0,,,,SPHERE,300,
23010011,Poison Gas (Chest),0,ENEMY,,0,0,,,,SPHERE,500,
23010012,Deadly Poison Gas (Chest),0,ENEMY,,0,0,,,,SPHERE,600,
23010015,High Voltage (Chest),0,ENEMY,,0,0,,,,SPHERE,50,
23010016,High Voltage (Electric Chair),0,ENEMY,,0,0,,,,SPHERE,300,
23010017,Warning,0,ENEMY,,0,0,,,,SPHERE,3000,
23010018,Magic Drain (Chest),0,ENEMY,,0,0,,,,SPHERE,500,
23010019,Sleeping Gas (Chest),0,ENEMY,,0,0,,,,SPHERE,480,
24010031,Trap Door,5,ENEMY,,0,0,,,,SPHERE,200,
24020011,Vertical Sewer Shaft,5,ENEMY,,0,0,,,,SPHERE,200,
25010011,Flame Grenade,1,ENEMY,,0,0,,,,SPHERE,30,
25010021,Flame Beam (Statue),0,ENEMY,,0,0,,,,BOX,100,450,160,0,-225,0,
25010022,Flame Beam (No hit to monster),0,ENEMY,,0,0,,,,BOX,100,325,160,0,-175,0,
25010041,Fan-Shaped Flame Beam,1,ENEMY,,0,0,,,,SPHERE,30,
25010071,Flame Beam (Direct Hit),0,ENEMY,,0,0,,,,BOX,70,200,60,0,-100,0,
25010072,Flame Beam (Direct Hit/ No hit to monster),0,ENEMY,,0,0,,,,BOX,70,200,60,0,-100,0,
25020011,Test,0,ENEMY,,0,0,,,,SPHERE,100,
26010011,Wall Spear,0,ENEMY,,0,0,,,,BOX,50,200,160,
26010012,Wall Spear (Large),0,ENEMY,,0,0,,,,BOX,50,200,160,,-100,
26010021,Floor Spear,0,ENEMY,,0,0,,,,BOX,100,100,50,
26010022,Floor Spear (Player Only),0,ENEMY,,0,0,,,,BOX,100,100,50,
26010023,Floor Spear (Temple Trap),0,ENEMY,,0,0,,,,BOX,100,100,50,
27010071,Electric Floor,0,ENEMY,,0,0,,,,SPHERE,160,
27010081,Land Mine,1,ENEMY,,0,0,,,,SPHERE,160,
90000011,Test High Voltage Trap,0,ENEMY,,0,0,,,,SPHERE,200,
90000021,Test Warning Trap,0,ENEMY,,0,0,,,,SPHERE,3000,
90000022,Test Warning Trap 2,0,ENEMY,,0,0,,,,SPHERE,3000,
90000031,Test Magic Drain Trap,0,ENEMY,,0,0,,,,SPHERE,500,
90000061,Test Knock Back Trap,0,ENEMY,,0,0,,,,SPHERE,40,
90000041,Object Investigation Effect,0,ENEMY,,0,0,,,,SPHERE,10,
90000051,Poison Gas Re-Disperse Effect,0,ENEMY,,0,0,,,,SPHERE,10,
90000052,Flame Floor Re-Disperse Effect,0,ENEMY,,0,0,,,,SPHERE,10,
90000071,Land Mine Effect,6,ENEMY,,0,0,,,,SPHERE,10,
90000081,Spear Test Effect,0,ENEMY,,0,0,,,,BOX,50,150,200,
100000,Wooden Arrow,0,ENEMY,,0,0,,,,SPHERE,40,
100001,Steal Arrow,0,ENEMY,,0,0,,,,SPHERE,40,
110106,Paralysis Trap,0,ENEMY,,0,0,,,,SPHERE,100,
110107,Poison Trap,0,ENEMY,,0,0,,,,SPHERE,100,
111103,Lahanito,0,ENEMY,,0,0,,,,SPHERE,300,
112103,Lahadalto,0,ENEMY,,0,0,,,,SPHERE,200,
113103,Laharit,0,ENEMY,,0,0,,,,SPHERE,200,
114102,Back Attack,0,ENEMY,,0,0,,,,SPHERE,300,
1110411,Shock Wave Lv 1,0,ENEMY,,0,0,,,,SPHERE,40,
1110421,Shock Wave Lv 2,0,ENEMY,,0,0,,,,SPHERE,40,
1110431,Shock Wave Lv 3,0,ENEMY,,0,0,,,,SPHERE,40,
1110441,Shock Wave Lv 4,0,ENEMY,,0,0,,,,SPHERE,40,
1110451,Shock Wave Lv 5,0,ENEMY,,0,0,,,,SPHERE,40,
1110461,Shock Wave Lv 6,0,ENEMY,,0,0,,,,SPHERE,40,
1110471,Shock Wave Lv 7,0,ENEMY,,0,0,,,,SPHERE,40,
1110511,Round Sweep Lv 1,0,ENEMY,,0,0,,,,SPHERE,300,
1110521,Round Sweep Lv 2,0,ENEMY,,0,0,,,,SPHERE,300,
1110531,Round Sweep Lv 3,0,ENEMY,,0,0,,,,SPHERE,300,
1110541,Round Sweep Lv 4,0,ENEMY,,0,0,,,,SPHERE,300,
1110551,Round Sweep Lv 5,0,ENEMY,,0,0,,,,SPHERE,300,
1110561,Round Sweep Lv 6,0,ENEMY,,0,0,,,,SPHERE,300,
1110571,Round Sweep Lv 7,0,ENEMY,,0,0,,,,SPHERE,300,
1110512,Round Sweep Lv 1 (Lawful),0,ENEMY,,0,0,,,,SPHERE,300,
1110522,Round Sweep Lv 2 (Lawful),0,ENEMY,,0,0,,,,SPHERE,300,
1110532,Round Sweep Lv 3 (Lawful),0,ENEMY,,0,0,,,,SPHERE,300,
1110542,Round Sweep Lv 4 (Lawful),0,ENEMY,,0,0,,,,SPHERE,300,
1110552,Round Sweep Lv 5 (Lawful),0,ENEMY,,0,0,,,,SPHERE,300,
1110562,Round Sweep Lv 6 (Lawful),0,ENEMY,,0,0,,,,SPHERE,300,
1110572,Round Sweep Lv 7 (Lawful),0,ENEMY,,0,0,,,,SPHERE,300,
1110591,Round Sweep (Soldier),0,ENEMY,,0,0,,,,SPHERE,500,
1210311,Holy LightLv.1,0,ENEMY,,0,0,,,,SPHERE,180,
1210321,Holy LightLv.2,0,ENEMY,,0,0,,,,SPHERE,180,
1210331,Holy LightLv.3,0,ENEMY,,0,0,,,,SPHERE,180,
1210341,Holy LightLv.4,0,ENEMY,,0,0,,,,SPHERE,180,
1210351,Holy LightLv.5,0,ENEMY,,0,0,,,,SPHERE,180,
1210361,Holy LightLv.6,0,ENEMY,,0,0,,,,SPHERE,180,
1210371,Holy LightLv.7,0,ENEMY,,0,0,,,,SPHERE,180,
1210312,Holy LightLv.1 (Chaos),0,ENEMY,,0,0,,,,SPHERE,180,
1210322,Holy LightLv.2 (Chaos),0,ENEMY,,0,0,,,,SPHERE,180,
1210332,Holy LightLv.3 (Chaos),0,ENEMY,,0,0,,,,SPHERE,180,
1210342,Holy LightLv.4 (Chaos),0,ENEMY,,0,0,,,,SPHERE,180,
1210352,Holy LightLv.5 (Chaos),0,ENEMY,,0,0,,,,SPHERE,180,
1210362,Holy LightLv.6 (Chaos),0,ENEMY,,0,0,,,,SPHERE,180,
1210372,Holy LightLv.7 (Chaos),0,ENEMY,,0,0,,,,SPHERE,180,
1260111,Divine Armor Lv.1,0,ALLY,,0,0,,,,SPHERE,1000,
1260121,Divine Armor Lv.2,0,ALLY,,0,0,,,,SPHERE,1000,
1260131,Divine Armor Lv.3,0,ALLY,,0,0,,,,SPHERE,1000,
1260141,Divine Armor Lv.4,0,ALLY,,0,0,,,,SPHERE,1000,
1260151,Divine Armor Lv.5,0,ALLY,,0,0,,,,SPHERE,1000,
1260161,Divine Armor Lv.6,0,ALLY,,0,0,,,,SPHERE,1000,
1260171,Divine Armor Lv.7,0,ALLY,,0,0,,,,SPHERE,1000,
1310111,Flame Arrow Lv 1,0,ENEMY,,0,0,,,,SPHERE,18,
1310121,Flame Arrow Lv 2,0,ENEMY,,0,0,,,,SPHERE,18,
1310131,Flame Arrow Lv 3,0,ENEMY,,0,0,,,,SPHERE,18,
1310141,Flame Arrow Lv 4,0,ENEMY,,0,0,,,,SPHERE,18,
1310151,Flame Arrow Lv 5,0,ENEMY,,0,0,,,,SPHERE,18,
1310161,Flame Arrow Lv 6,0,ENEMY,,0,0,,,,SPHERE,18,
1310171,Flame Arrow Lv 7,0,ENEMY,,0,0,,,,SPHERE,18,
1310112,Flame Arrow Lv 1 (Invest),0,ENEMY,,0,0,,,,SPHERE,18,
1310122,Flame Arrow Lv 2 (For Wands) Unused,0,ENEMY,,0,0,,,,SPHERE,18,
1310132,Flame Arrow Lv 3 (For Wands) Unused,0,ENEMY,,0,0,,,,SPHERE,18,
1310142,Flame Arrow Lv 4 (For Wands) Unused,0,ENEMY,,0,0,,,,SPHERE,18,
1310152,Flame Arrow Lv 5 (For Wands) Unused,0,ENEMY,,0,0,,,,SPHERE,18,
1310162,Flame Arrow Lv 6 (For Wands) Unused,0,ENEMY,,0,0,,,,SPHERE,18,
1310172,Flame Arrow Lv 7 (For Wands) Unused,0,ENEMY,,0,0,,,,SPHERE,18,
1310113,Flame Arrow Lv 1 (Invest/Neutral),0,ENEMY,,0,0,,,,SPHERE,18,
1310123,Flame Arrow Lv 2 (For Wands/Chaotic) Unused,0,ENEMY,,0,0,,,,SPHERE,18,
1310133,Flame Arrow Lv 3 (For Wands/Chaotic) Unused,0,ENEMY,,0,0,,,,SPHERE,18,
1310143,Flame Arrow Lv 4 (For Wands/Chaotic) Unused,0,ENEMY,,0,0,,,,SPHERE,18,
1310153,Flame Arrow Lv 5 (For Wands/Chaotic) Unused,0,ENEMY,,0,0,,,,SPHERE,18,
1310163,Flame Arrow Lv 6 (For Wands/Chaotic) Unused,0,ENEMY,,0,0,,,,SPHERE,18,
1310173,Flame Arrow Lv 7 (For Wands/Chaotic) Unused,0,ENEMY,,0,0,,,,SPHERE,18,
1310211,Fireball Lv 1 (Flame Ball),0,ENEMY,,0,0,,,,SPHERE,30,
1310221,Fireball Lv 2 (Flame Ball),0,ENEMY,,0,0,,,,SPHERE,30,
1310231,Fireball Lv 3 (Flame Ball),0,ENEMY,,0,0,,,,SPHERE,30,
1310241,Fireball Lv 4 (Flame Ball),0,ENEMY,,0,0,,,,SPHERE,30,
1310251,Fireball Lv 5 (Flame Ball),0,ENEMY,,0,0,,,,SPHERE,30,
1310261,Fireball Lv 6 (Flame Ball),0,ENEMY,,0,0,,,,SPHERE,30,
1310271,Fireball Lv 7 (Flame Ball),0,ENEMY,,0,0,,,,SPHERE,30,
1310212,Fireball Lv 1 (Explosion),0,ENEMY,,0,0,,,,SPHERE,200,
1310222,Fireball Lv 2 (Explosion),0,ENEMY,,0,0,,,,SPHERE,220,
1310232,Fireball Lv 3 (Explosion),0,ENEMY,,0,0,,,,SPHERE,240,
1310242,Fireball Lv 4 (Explosion),0,ENEMY,,0,0,,,,SPHERE,260,
1310252,Fireball Lv 5 (Explosion),0,ENEMY,,0,0,,,,SPHERE,290,
1310262,Fireball Lv 6 (Explosion),0,ENEMY,,0,0,,,,SPHERE,320,
1310272,Fireball Lv 7 (Explosion),0,ENEMY,,0,0,,,,SPHERE,350,
1310311,Ice Burst Lv 1,0,ENEMY,,0,0,,,,SPHERE,200,
1310321,Ice Burst Lv 2,0,ENEMY,,0,0,,,,SPHERE,200,
1310331,Ice Burst Lv 3,0,ENEMY,,0,0,,,,SPHERE,200,
1310341,Ice Burst Lv 4,0,ENEMY,,0,0,,,,SPHERE,200,
1310351,Ice Burst Lv 5,0,ENEMY,,0,0,,,,SPHERE,200,
1310361,Ice Burst Lv 6,0,ENEMY,,0,0,,,,SPHERE,200,
1310371,Ice Burst Lv 7,0,ENEMY,,0,0,,,,SPHERE,200,
1310411,Earth Tremor Lv 1,0,ENEMY,,0,0,,,,SPHERE,200,
1310421,Earth Tremor Lv 2,0,ENEMY,,0,0,,,,SPHERE,200,
1310431,Earth Tremor Lv 3,0,ENEMY,,0,0,,,,SPHERE,200,
1310441,Earth Tremor Lv 4,0,ENEMY,,0,0,,,,SPHERE,200,
1310451,Earth Tremor Lv 5,0,ENEMY,,0,0,,,,SPHERE,200,
1310461,Earth Tremor Lv 6,0,ENEMY,,0,0,,,,SPHERE,200,
1310471,Earth Tremor Lv 7,0,ENEMY,,0,0,,,,SPHERE,200,
1310511,Air Wall Lv 1,0,ENEMY,,0,0,,,0.5,BOX,100,100,200,,0,100,
1310521,Air Wall Lv 2,0,ENEMY,,0,0,,,0.5,BOX,100,100,200,,0,100,
1310531,Air Wall Lv 3,0,ENEMY,,0,0,,,0.5,BOX,100,100,200,,0,100,
1310541,Air Wall Lv 4,0,ENEMY,,0,0,,,0.5,BOX,100,100,200,,0,100,
1310551,Air Wall Lv 5,0,ENEMY,,0,0,,,0.5,BOX,100,100,200,,0,100,
1310561,Air Wall Lv 6,0,ENEMY,,0,0,,,0.5,BOX,100,100,200,,0,100,
1310571,Air Wall Lv 7,0,ENEMY,,0,0,,,0.5,BOX,100,100,200,,0,100,
1310611,Nuclear Blas Lv Fixed,0,ENEMY,,0,0,,,,SPHERE,500,
1310711,Magic Missile Lv 1,0,ENEMY,,0,0,,,,SPHERE,12,
1310721,Magic Missile Lv 2,0,ENEMY,,0,0,,,,SPHERE,12,
1310731,Magic Missile Lv 3,0,ENEMY,,0,0,,,,SPHERE,12,
1310741,Magic Missile Lv 4,0,ENEMY,,0,0,,,,SPHERE,12,
1310751,Magic Missile Lv 5,0,ENEMY,,0,0,,,,SPHERE,12,
1310761,Magic Missile Lv 6,0,ENEMY,,0,0,,,,SPHERE,12,
1310771,Magic Missile Lv 7,0,ENEMY,,0,0,,,,SPHERE,12,
1310811,Fire Blast Lv 1,0,ENEMY,,0,0,,,,SPHERE,300,
1310821,Fire Blast Lv 2,0,ENEMY,,0,0,,,,SPHERE,300,
1310831,Fire Blast Lv 3,0,ENEMY,,0,0,,,,SPHERE,300,
1310841,Fire Blast Lv 4,0,ENEMY,,0,0,,,,SPHERE,300,
1310851,Fire Blast Lv 5,0,ENEMY,,0,0,,,,SPHERE,300,
1310861,Fire Blast Lv 6,0,ENEMY,,0,0,,,,SPHERE,300,
1310871,Fire Blast Lv 7,0,ENEMY,,0,0,,,,SPHERE,300,
1310911,Earthquake Lv 1,0,ENEMY,,0,0,,,,SPHERE,340,
1310921,Earthquake Lv 2,0,ENEMY,,0,0,,,,SPHERE,340,
1310931,Earthquake Lv 3,0,ENEMY,,0,0,,,,SPHERE,340,
1310941,Earthquake Lv 4,0,ENEMY,,0,0,,,,SPHERE,340,
1310951,Earthquake Lv 5,0,ENEMY,,0,0,,,,SPHERE,340,
1310961,Earthquake Lv 6,0,ENEMY,,0,0,,,,SPHERE,340,
1310971,Earthquake Lv 7,0,ENEMY,,0,0,,,,SPHERE,340,
1311011,Ice Pillar Lv 1,0,ENEMY,,0,0,,,,SPHERE,340,
1311021,Ice Pillar Lv 2,0,ENEMY,,0,0,,,,SPHERE,340,
1311031,Ice Pillar Lv 3,0,ENEMY,,0,0,,,,SPHERE,340,
1311041,Ice Pillar Lv 4,0,ENEMY,,0,0,,,,SPHERE,340,
1311051,Ice Pillar Lv 5,0,ENEMY,,0,0,,,,SPHERE,340,
1311061,Ice Pillar Lv 6,0,ENEMY,,0,0,,,,SPHERE,340,
1311071,Ice Pillar Lv 7,0,ENEMY,,0,0,,,,SPHERE,340,
1311111,Air Walls Lv 1,0,ENEMY,,0,0,,1,,SPHERE,100,
1311121,Air Walls Lv 2,0,ENEMY,,0,0,,1,,SPHERE,100,
1311131,Air Walls Lv 3,0,ENEMY,,0,0,,1,,SPHERE,100,
1311141,Air Walls Lv 4,0,ENEMY,,0,0,,1,,SPHERE,100,
1311151,Air Walls Lv 5,0,ENEMY,,0,0,,1,,SPHERE,100,
1311161,Air Walls Lv 6,0,ENEMY,,0,0,,1,,SPHERE,100,
1311171,Air Walls Lv 7,0,ENEMY,,0,0,,1,,SPHERE,100,
1311211,Icicle Arrow Lv 1,0,ENEMY,,0,0,,,,SPHERE,18,
1311221,Icicle Arrow Lv 2,0,ENEMY,,0,0,,,,SPHERE,18,
1311231,Icicle Arrow Lv 3,0,ENEMY,,0,0,,,,SPHERE,18,
1311241,Icicle Arrow Lv 4,0,ENEMY,,0,0,,,,SPHERE,18,
1311251,Icicle Arrow Lv 5,0,ENEMY,,0,0,,,,SPHERE,18,
1311261,Icicle Arrow Lv 6,0,ENEMY,,0,0,,,,SPHERE,18,
1311271,Icicle Arrow Lv 7,0,ENEMY,,0,0,,,,SPHERE,18,
1311311,Stone Arrow Lv 1,0,ENEMY,,0,0,,,,SPHERE,18,
1311321,Stone Arrow Lv 2,0,ENEMY,,0,0,,,,SPHERE,18,
1311331,Stone Arrow Lv 3,0,ENEMY,,0,0,,,,SPHERE,18,
1311341,Stone Arrow Lv 4,0,ENEMY,,0,0,,,,SPHERE,18,
1311351,Stone Arrow Lv 5,0,ENEMY,,0,0,,,,SPHERE,18,
1311361,Stone Arrow Lv 6,0,ENEMY,,0,0,,,,SPHERE,18,
1311371,Stone Arrow Lv 7,0,ENEMY,,0,0,,,,SPHERE,18,
1311411,Wind Arrow Lv 1,0,ENEMY,,0,0,,,,SPHERE,18,
1311421,Wind Arrow Lv 2,0,ENEMY,,0,0,,,,SPHERE,18,
1311431,Wind Arrow Lv 3,0,ENEMY,,0,0,,,,SPHERE,18,
1311441,Wind Arrow Lv 4,0,ENEMY,,0,0,,,,SPHERE,18,
1311451,Wind Arrow Lv 5,0,ENEMY,,0,0,,,,SPHERE,18,
1311461,Wind Arrow Lv 6,0,ENEMY,,0,0,,,,SPHERE,18,
1311471,Wind Arrow Lv 7,0,ENEMY,,0,0,,,,SPHERE,18,
1340111,Movement Bind Lv 1,0,ENEMY,,0,0,,,,SPHERE,50,
1340121,Movement Bind Lv 2,0,ENEMY,,0,0,,,,SPHERE,50,
1340131,Movement Bind Lv 3,0,ENEMY,,0,0,,,,SPHERE,50,
1340141,Movement Bind Lv 4,0,ENEMY,,0,0,,,,SPHERE,50,
1340151,Movement Bind Lv 5,0,ENEMY,,0,0,,,,SPHERE,50,
1340161,Movement Bind Lv 6,0,ENEMY,,0,0,,,,SPHERE,50,
1340171,Movement Bind Lv 7,0,ENEMY,,0,0,,,,SPHERE,50,
1340211,Action Bind Lv 1,0,ENEMY,,0,0,,,,SPHERE,50,
1340221,Action Bind Lv 2,0,ENEMY,,0,0,,,,SPHERE,50,
1340231,Action Bind Lv 3,0,ENEMY,,0,0,,,,SPHERE,50,
1340241,Action Bind Lv 4,0,ENEMY,,0,0,,,,SPHERE,50,
1340251,Action Bind Lv 5,0,ENEMY,,0,0,,,,SPHERE,50,
1340261,Action Bind Lv 6,0,ENEMY,,0,0,,,,SPHERE,50,
1340271,Action Bind Lv 7,0,ENEMY,,0,0,,,,SPHERE,50,
1340311,Hard Bind Lv 1,0,ENEMY,,0,0,,,,SPHERE,50,
1340321,Hard Bind Lv 2,0,ENEMY,,0,0,,,,SPHERE,50,
1340331,Hard Bind Lv 3,0,ENEMY,,0,0,,,,SPHERE,50,
1340341,Hard Bind Lv 4,0,ENEMY,,0,0,,,,SPHERE,50,
1340351,Hard Bind Lv 5,0,ENEMY,,0,0,,,,SPHERE,50,
1340361,Hard Bind Lv 6,0,ENEMY,,0,0,,,,SPHERE,50,
1340371,Hard Bind Lv 7,0,ENEMY,,0,0,,,,SPHERE,50,
1430111,Poison Trap Lv 1,0,ENEMY,1,0,0,,,,SPHERE,100,
1430121,Poison Trap Lv 2,0,ENEMY,1,0,0,,,,SPHERE,100,
1430131,Poison Trap Lv 3,0,ENEMY,1,0,0,,,,SPHERE,100,
1430141,Poison Trap Lv 4,0,ENEMY,1,0,0,,,,SPHERE,100,
1430151,Poison Trap Lv 5,0,ENEMY,1,0,0,,,,SPHERE,100,
1430161,Poison Trap Lv 6,0,ENEMY,1,0,0,,,,SPHERE,100,
1430171,Poison Trap Lv 7,0,ENEMY,1,0,0,,,,SPHERE,100,
1430112,Poison Trap Lv 1 (Content),0,ENEMY,,0,0,,,,SPHERE,500,
1430122,Poison Trap Lv 2 (Content),0,ENEMY,,0,0,,,,SPHERE,500,
1430132,Poison Trap Lv 3 (Content),0,ENEMY,,0,0,,,,SPHERE,500,
1430142,Poison Trap Lv 4 (Content),0,ENEMY,,0,0,,,,SPHERE,500,
1430152,Poison Trap Lv 5 (Content),0,ENEMY,,0,0,,,,SPHERE,500,
1430162,Poison Trap Lv 6 (Content),0,ENEMY,,0,0,,,,SPHERE,500,
1430172,Poison Trap Lv 7 (Content),0,ENEMY,,0,0,,,,SPHERE,500,
1430211,Spear Trap Lv 1,0,ENEMY,1,0,0,,,,SPHERE,100,
1430221,Spear Trap Lv 2,0,ENEMY,1,0,0,,,,SPHERE,100,
1430231,Spear Trap Lv 3,0,ENEMY,1,0,0,,,,SPHERE,100,
1430241,Spear Trap Lv 4,0,ENEMY,1,0,0,,,,SPHERE,100,
1430251,Spear Trap Lv 5,0,ENEMY,1,0,0,,,,SPHERE,100,
1430261,Spear Trap Lv 6,0,ENEMY,1,0,0,,,,SPHERE,100,
1430271,Spear Trap Lv 7,0,ENEMY,1,0,0,,,,SPHERE,100,
1430212,Spear Trap Lv 1 (Content),0,ENEMY,,0,0,,,,SPHERE,150,
1430222,Spear Trap Lv 2 (Content),0,ENEMY,,0,0,,,,SPHERE,150,
1430232,Spear Trap Lv 3 (Content),0,ENEMY,,0,0,,,,SPHERE,150,
1430242,Spear Trap Lv 4 (Content),0,ENEMY,,0,0,,,,SPHERE,150,
1430252,Spear Trap Lv 5 (Content),0,ENEMY,,0,0,,,,SPHERE,150,
1430262,Spear Trap Lv 6 (Content),0,ENEMY,,0,0,,,,SPHERE,150,
1430272,Spear Trap Lv 7 (Content),0,ENEMY,,0,0,,,,SPHERE,150,
1430311,Acid Parts Lv 1,0,ENEMY,,0,0,,,,SPHERE,0,
1430321,Acid Parts Lv 2,0,ENEMY,,0,0,,,,SPHERE,0,
1430331,Acid Parts Lv 3,0,ENEMY,,0,0,,,,SPHERE,0,
1430341,Acid Parts Lv 4,0,ENEMY,,0,0,,,,SPHERE,0,
1430351,Acid Parts Lv 5,0,ENEMY,,0,0,,,,SPHERE,0,
1430361,Acid Parts Lv 6,0,ENEMY,,0,0,,,,SPHERE,0,
1430371,Acid Parts Lv 7,0,ENEMY,,0,0,,,,SPHERE,0,
1430312,Acid Parts Lv 1 (Content),0,ENEMY,,0,0,,,,SPHERE,500,
1430322,Acid Parts Lv 2 (Content),0,ENEMY,,0,0,,,,SPHERE,500,
1430332,Acid Parts Lv 3 (Content),0,ENEMY,,0,0,,,,SPHERE,500,
1430342,Acid Parts Lv 4 (Content),0,ENEMY,,0,0,,,,SPHERE,500,
1430352,Acid Parts Lv 5 (Content),0,ENEMY,,0,0,,,,SPHERE,500,
1430362,Acid Parts Lv 6 (Content),0,ENEMY,,0,0,,,,SPHERE,500,
1430372,Acid Parts Lv 7 (Content),0,ENEMY,,0,0,,,,SPHERE,500,
1430411,Anti Resistance Parts Lv 1,0,ENEMY,,0,0,,,,SPHERE,0,
1430421,Anti Resistance Parts Lv 2,0,ENEMY,,0,0,,,,SPHERE,0,
1430431,Anti Resistance Parts Lv 3,0,ENEMY,,0,0,,,,SPHERE,0,
1430441,Anti Resistance Parts Lv 4,0,ENEMY,,0,0,,,,SPHERE,0,
1430451,Anti Resistance Parts Lv 5,0,ENEMY,,0,0,,,,SPHERE,0,
1430461,Anti Resistance Parts Lv 6,0,ENEMY,,0,0,,,,SPHERE,0,
1430471,Anti Resistance Parts Lv 7,0,ENEMY,,0,0,,,,SPHERE,0,
1430412,Anti Resistance Parts Lv 1 (Content),0,ENEMY,,0,0,,,,SPHERE,500,
1430422,Anti Resistance Parts Lv 2 (Content),0,ENEMY,,0,0,,,,SPHERE,500,
1430432,Anti Resistance Parts Lv 3 (Content),0,ENEMY,,0,0,,,,SPHERE,500,
1430442,Anti Resistance Parts Lv 4 (Content),0,ENEMY,,0,0,,,,SPHERE,500,
1430452,Anti Resistance Parts Lv 5 (Content),0,ENEMY,,0,0,,,,SPHERE,500,
1430462,Anti Resistance Parts Lv 6 (Content),0,ENEMY,,0,0,,,,SPHERE,500,
1430472,Anti Resistance Parts Lv 7 (Content),0,ENEMY,,0,0,,,,SPHERE,500,
1430511,Cut Lv 1,0,ENEMY,,0,0,,,,SPHERE,0,
1430521,Cut Lv 2,0,ENEMY,,0,0,,,,SPHERE,0,
1430531,Cut Lv 3,0,ENEMY,,0,0,,,,SPHERE,0,
1430541,Cut Lv 4,0,ENEMY,,0,0,,,,SPHERE,0,
1430551,Cut Lv 5,0,ENEMY,,0,0,,,,SPHERE,0,
1430561,Cut Lv 6,0,ENEMY,,0,0,,,,SPHERE,0,
1430571,Cut Lv 7,0,ENEMY,,0,0,,,,SPHERE,0,
1430512,Cut Lv 1 (Content) ,0,ENEMY,,0,0,,,,SPHERE,500,
1430522,Cut Lv 2 (Content) ,0,ENEMY,,0,0,,,,SPHERE,500,
1430532,Cut Lv 3 (Content) ,0,ENEMY,,0,0,,,,SPHERE,500,
1430542,Cut Lv 4 (Content) ,0,ENEMY,,0,0,,,,SPHERE,500,
1430552,Cut Lv 5 (Content) ,0,ENEMY,,0,0,,,,SPHERE,500,
1430562,Cut Lv 6 (Content) ,0,ENEMY,,0,0,,,,SPHERE,500,
1430572,Cut Lv 7 (Content) ,0,ENEMY,,0,0,,,,SPHERE,500,
1430611,Crush Lv 1,0,ENEMY,,0,0,,,,SPHERE,0,
1430621,Crush Lv 2,0,ENEMY,,0,0,,,,SPHERE,0,
1430631,Crush Lv 3,0,ENEMY,,0,0,,,,SPHERE,0,
1430641,Crush Lv 4,0,ENEMY,,0,0,,,,SPHERE,0,
1430651,Crush Lv 5,0,ENEMY,,0,0,,,,SPHERE,0,
1430661,Crush Lv 6,0,ENEMY,,0,0,,,,SPHERE,0,
1430671,Crush Lv 7,0,ENEMY,,0,0,,,,SPHERE,0,
1430612,Crush Lv 1 (Content),0,ENEMY,,0,0,,,,SPHERE,500,
1430622,Crush Lv 2 (Content),0,ENEMY,,0,0,,,,SPHERE,500,
1430632,Crush Lv 3 (Content),0,ENEMY,,0,0,,,,SPHERE,500,
1430642,Crush Lv 4 (Content),0,ENEMY,,0,0,,,,SPHERE,500,
1430652,Crush Lv 5 (Content),0,ENEMY,,0,0,,,,SPHERE,500,
1430662,Crush Lv 6 (Content),0,ENEMY,,0,0,,,,SPHERE,500,
1430672,Crush Lv 7 (Content),0,ENEMY,,0,0,,,,SPHERE,500,
1430711,Spike Lv 1,0,ENEMY,,0,0,,,,SPHERE,0,
1430721,Spike Lv 2,0,ENEMY,,0,0,,,,SPHERE,0,
1430731,Spike Lv 3,0,ENEMY,,0,0,,,,SPHERE,0,
1430741,Spike Lv 4,0,ENEMY,,0,0,,,,SPHERE,0,
1430751,Spike Lv 5,0,ENEMY,,0,0,,,,SPHERE,0,
1430761,Spike Lv 6,0,ENEMY,,0,0,,,,SPHERE,0,
1430771,Spike Lv 7,0,ENEMY,,0,0,,,,SPHERE,0,
1430712,Spike Lv 1 (Content),0,ENEMY,,0,0,,,,SPHERE,500,
1430722,Spike Lv 2 (Content),0,ENEMY,,0,0,,,,SPHERE,500,
1430732,Spike Lv 3 (Content),0,ENEMY,,0,0,,,,SPHERE,500,
1430742,Spike Lv 4 (Content),0,ENEMY,,0,0,,,,SPHERE,500,
1430752,Spike Lv 5 (Content),0,ENEMY,,0,0,,,,SPHERE,500,
1430762,Spike Lv 6 (Content),0,ENEMY,,0,0,,,,SPHERE,500,
1430772,Spike Lv 7 (Content),0,ENEMY,,0,0,,,,SPHERE,500,
1430811,Bomb Destroy Lv 1,0,ENEMY,,0,0,,,,SPHERE,0,
1430821,Bomb Destroy Lv 2,0,ENEMY,,0,0,,,,SPHERE,0,
1430831,Bomb Destroy Lv 3,0,ENEMY,,0,0,,,,SPHERE,0,
1430841,Bomb Destroy Lv 4,0,ENEMY,,0,0,,,,SPHERE,0,
1430851,Bomb Destroy Lv 5,0,ENEMY,,0,0,,,,SPHERE,0,
1430861,Bomb Destroy Lv 6,0,ENEMY,,0,0,,,,SPHERE,0,
1430871,Bomb Destroy Lv 7,0,ENEMY,,0,0,,,,SPHERE,0,
1430812,Bomb Destroy Lv 1 (Content),0,ENEMY,,0,0,,,,SPHERE,500,
1430822,Bomb Destroy Lv 2 (Content),0,ENEMY,,0,0,,,,SPHERE,500,
1430832,Bomb Destroy Lv 3 (Content),0,ENEMY,,0,0,,,,SPHERE,500,
1430842,Bomb Destroy Lv 4 (Content),0,ENEMY,,0,0,,,,SPHERE,500,
1430852,Bomb Destroy Lv 5 (Content),0,ENEMY,,0,0,,,,SPHERE,500,
1430862,Bomb Destroy Lv 6 (Content),0,ENEMY,,0,0,,,,SPHERE,500,
1430872,Bomb Destroy Lv 7 (Content),0,ENEMY,,0,0,,,,SPHERE,500,
1430911,Tab Destroy Lv 1,0,ENEMY,,0,0,,,,SPHERE,0,
1430921,Tab Destroy Lv 2,0,ENEMY,,0,0,,,,SPHERE,0,
1430931,Tab Destroy Lv 3,0,ENEMY,,0,0,,,,SPHERE,0,
1430941,Tab Destroy Lv 4,0,ENEMY,,0,0,,,,SPHERE,0,
1430951,Tab Destroy Lv 5,0,ENEMY,,0,0,,,,SPHERE,0,
1430961,Tab Destroy Lv 6,0,ENEMY,,0,0,,,,SPHERE,0,
1430971,Tab Destroy Lv 7,0,ENEMY,,0,0,,,,SPHERE,0,
1430912,Tab Destroy Lv 1 (Content),0,ENEMY,,0,0,,,,SPHERE,500,
1430922,Tab Destroy Lv 2 (Content),0,ENEMY,,0,0,,,,SPHERE,500,
1430932,Tab Destroy Lv 3 (Content),0,ENEMY,,0,0,,,,SPHERE,500,
1430942,Tab Destroy Lv 4 (Content),0,ENEMY,,0,0,,,,SPHERE,500,
1430952,Tab Destroy Lv 5 (Content),0,ENEMY,,0,0,,,,SPHERE,500,
1430962,Tab Destroy Lv 6 (Content),0,ENEMY,,0,0,,,,SPHERE,500,
1430972,Tab Destroy Lv 7 (Content),0,ENEMY,,0,0,,,,SPHERE,500,
1431011,Blow Destroy Lv 1,0,ENEMY,,0,0,,,,SPHERE,0,
1431021,Blow Destroy Lv 2,0,ENEMY,,0,0,,,,SPHERE,0,
1431031,Blow Destroy Lv 3,0,ENEMY,,0,0,,,,SPHERE,0,
1431041,Blow Destroy Lv 4,0,ENEMY,,0,0,,,,SPHERE,0,
1431051,Blow Destroy Lv 5,0,ENEMY,,0,0,,,,SPHERE,0,
1431061,Blow Destroy Lv 6,0,ENEMY,,0,0,,,,SPHERE,0,
1431071,Blow Destroy Lv 7,0,ENEMY,,0,0,,,,SPHERE,0,
1431012,Blow Destroy Lv 1 (Content),0,ENEMY,,0,0,,,,SPHERE,500,
1431022,Blow Destroy Lv 2 (Content),0,ENEMY,,0,0,,,,SPHERE,500,
1431032,Blow Destroy Lv 3 (Content),0,ENEMY,,0,0,,,,SPHERE,500,
1431042,Blow Destroy Lv 4 (Content),0,ENEMY,,0,0,,,,SPHERE,500,
1431052,Blow Destroy Lv 5 (Content),0,ENEMY,,0,0,,,,SPHERE,500,
1431062,Blow Destroy Lv 6 (Content),0,ENEMY,,0,0,,,,SPHERE,500,
1431072,Blow Destroy Lv 7 (Content),0,ENEMY,,0,0,,,,SPHERE,500,
1460811,Decoy (Ball),0,ENEMY,,0,0,,1,,SPHERE,1000,
1460812,Decoy (Lure),0,ENEMY,,0,0,,,,BOX,100,100,200,0,0,100,
900001,Stress Test EO,0,ENEMY,,0,0,,,,SPHERE,200,
900002,Torchlight (for Stelth Cancel),0,ENEMY,,0,0,,,,SPHERE,1000,
1610111,Haliteaux,0,ENEMY,,0,0,,,,SPHERE,40,
1610211,Mahaliteaux,0,ENEMY,,0,0,,,,SPHERE,400,
1610311,Katineaux,0,ENEMY,,0,0,,,,SPHERE,180,
1620111,Badeus,0,ENEMY,,0,0,,,,SPHERE,100,
1620211,Badeal,0,ENEMY,,0,0,,,,SPHERE,100,
1620311,Montineaux,0,ENEMY,,0,0,,,,SPHERE,180,
110111,Knife Throw,0,ENEMY,,0,0,,,,SPHERE,30,
110211,Knife Throw,0,ENEMY,,0,0,,,,SPHERE,30,
301214,Earth Shake,0,ENEMY,,0,0,,,,SPHERE,800,
301411,Haliteaux,0,ENEMY,,0,0,,,,SPHERE,30,
301412,Earth Tremor,0,ENEMY,,0,0,,,,SPHERE,200,
301413,Air Wall,0,ENEMY,,0,0,,,0.5,BOX,100,100,200,,0,100,
301414,Fireball (Flame Ball) ,0,ENEMY,,0,0,,,,SPHERE,100,
301415,Fireball (Explosion),0,ENEMY,,0,0,,,,SPHERE,200,
301416,Ice Burst,0,ENEMY,,0,0,,,,SPHERE,200,
301417,Earthquake,0,ENEMY,,0,0,,,,SPHERE,340,
301511,Flame Arrow,0,ENEMY,,0,0,,,,SPHERE,18,
301512,Fireball (Flame Ball) ,0,ENEMY,,0,0,,,,SPHERE,30,
301513,Fireball (Explosion),0,ENEMY,,0,0,,,,SPHERE,200,
301514,Earth Tremor,0,ENEMY,,0,0,,,,SPHERE,200,
301515,Air Wall,0,ENEMY,,0,0,,,0.5,BOX,100,100,200,,0,100,
301516,Normal Bullet,0,ENEMY,,0,0,,,,SPHERE,20,
301517,Penetration Bullet,0,ENEMY,,0,0,,,,SPHERE,40,
301601,Round Sweep (Oversize),0,ENEMY,,0,0,,,,SPHERE,1000,
309111,Release Gas,0,ENEMY,,0,0,,,,SPHERE,500,
309121,Release Gas,0,ENEMY,,0,0,,,,SPHERE,400,
309112,Knock Back,0,ENEMY,,0,0,,,,SPHERE,300,
321103,Paralyzing Arrow,0,ENEMY,,0,0,,,,SPHERE,40,
321104,Sleeping Arrow,0,ENEMY,,0,0,,,,SPHERE,40,
321105,Poison Arrow,0,ENEMY,,0,0,,,,SPHERE,40,
321106,Regular Arrow,0,ENEMY,,0,0,,,,SPHERE,40,
321112,Sluggish Arrow,0,ENEMY,,0,0,,,,SPHERE,40,
321107,Divine Armor,0,ALLY,,0,0,,,,SPHERE,30000,
321108,Attack Aura,0,ALLY,,0,0,,,,SPHERE,3000,
321109,Mass Protection,0,ALLY,,0,0,,,,SPHERE,3000,
321110,Mass Resist,0,ALLY,,0,0,,,,SPHERE,3000,
321111,Heal Circle,0,ALLY,,0,0,,,,SPHERE,3000,
321113,Flame Arrow,0,ENEMY,,0,0,,,,SPHERE,18,
321114,Earth Tremor,0,ENEMY,,0,0,,,,SPHERE,200,
321115,Air Wall,0,ENEMY,,0,0,,,0.5,BOX,100,100,200,,0,100,
321116,Heal Circle,0,ALLY,,0,0,,,,SPHERE,1500,
322102,Boulder Throw,0,ENEMY,,0,0,,,,SPHERE,60,
322103,Ice Walls,0,ENEMY,,0,0,,1,,SPHERE,160,
322104,Fire Walls,0,ENEMY,,0,0,,1,,SPHERE,160,
322105,Earth Walls,0,ENEMY,,0,0,,1,,SPHERE,160,
322106,Ice Pillar,0,ENEMY,,0,0,,,,SPHERE,340,
322107,Fireball (Flame Ball) ,0,ENEMY,,0,0,,,,SPHERE,40,
322108,Fireball (Explosion),0,ENEMY,,0,0,,,,SPHERE,250,
322109,Earthquake,0,ENEMY,,0,0,,,,SPHERE,500,
331101,Rabbit Charm,6,ENEMY,,0,0,,,,SPHERE,300,
331102,Rabbit Curse 1,6,ENEMY,,0,0,,,,SPHERE,300,
331103,Rabbit Curse 2,6,ENEMY,,0,0,,,,SPHERE,300,
331104,Rabbit Curse 3,6,ENEMY,,0,0,,,,SPHERE,300,
331105,Vorpal Wind,0,ENEMY,,0,0,,,,SPHERE,3000,
341101,Explosion,0,ENEMY,,0,0,,,,SPHERE,250,
341201,Insects Poison 1 100,0,ENEMY,,0,0,,,,BOX,600,400,300,0,0,0,
341202,Insects Poison 2 100,0,ENEMY,,0,0,,,,BOX,600,400,300,0,0,0,
341211,Mosquito Sound,0,ENEMY,,0,0,,,,SPHERE,400,
341301,Spider Web 1,0,ENEMY,,0,0,,,,SPHERE,1000,
341302,Spider Web 2,0,ALLY,,0,0,,,,SPHERE,1000,
350301,Plant Venom 1 100,0,ENEMY,,0,0,,,,BOX,70,200,130,0,0,0,
350311,Plant Venom 1 200,0,ENEMY,,0,0,,,,BOX,140,400,260,0,0,0,
350302,Tied 100,0,ENEMY,,0,0,,,,BOX,120,140,200,0,0,0,
350312,Hang 200,0,ENEMY,,0,0,,,,BOX,240,280,400,0,0,0,
350303,Dissolve 100,0,ENEMY,,0,0,,,,SPHERE,40,
350313,Dissolve 200,0,ENEMY,,0,0,,,,SPHERE,40,
362101,Powered Strike,0,ENEMY,,0,0,,,,SPHERE,50,
362102,Overpowered Strike,0,ENEMY,,0,0,,,,SPHERE,50,
362103,Powered Strike,0,ENEMY,,0,0,,,,SPHERE,50,
362104,Void Blade 1,0,ENEMY,,0,0,,,,SPHERE,50,
362105,Void Blade 2,0,ENEMY,,0,0,,,,SPHERE,50,
362106,Distract Sign,0,ENEMY,,0,0,,,,SPHERE,500,
371011,Fire Blow,0,ENEMY,,0,0,,,,SPHERE,60,
371012,Fire Blow (Rush),0,ENEMY,,0,0,,,,SPHERE,40,
371013,Fireball Lv 4 (Flame Ball),0,ENEMY,,0,0,,,,SPHERE,50,
371014,Fireball Lv 4 (Explosion),0,ENEMY,,0,0,,,,SPHERE,200,
371015,Magic Missile,0,ENEMY,,0,0,,,,SPHERE,30,
371501,Ice Burst,0,ENEMY,,0,0,,,,SPHERE,200,
371502,Tornado,0,ENEMY,,0,0,,,,BOX,450,450,600,,0,300,
373901,Redrum's Stamp,0,ENEMY,,0,0,,,,SPHERE,800,
373101,Earthquake,0,ENEMY,,0,0,,,,SPHERE,340,
373102,Ice Pillar,0,ENEMY,,0,0,,,,SPHERE,340,
373103,Air Wall,0,ENEMY,,0,0,,,0.5,BOX,150,150,400,,0,200,
373104,Magic Missile,0,ENEMY,,0,0,,,,SPHERE,60,
379101,Air Walls,0,ENEMY,,0,0,,1,,SPHERE,150,
392101,Physical Decrease ,0,ENEMY,,0,0,,,,SPHERE,300,
392102,Poison,0,ENEMY,,0,0,,,,SPHERE,300,
392103,Slowness,0,ENEMY,,0,0,,,,SPHERE,100,
401101,Paralytic Bog,0,ENEMY,,0,0,,,,SPHERE,100,
310401,Vomit Shot,0,ENEMY,,0,0,,,,SPHERE,30,
403201,Flame Arrow,0,ENEMY,,0,0,,,,SPHERE,30,
403301,Light Shot,0,ENEMY,,0,0,,,,SPHERE,30,
403401,Magic Missile,0,ENEMY,,0,0,,,,SPHERE,30,
403501,High Wind,0,ENEMY,,0,0,,,,SPHERE,40,
404101,Explode (Severe Damage),0,ENEMY,,0,0,,,,SPHERE,300,
430101,Random Curse,0,ENEMY,,0,0,,,,SPHERE,1000,
430102,Random Curse,0,ENEMY,,0,0,,,,SPHERE,1000,
430103,Random Curse,0,ENEMY,,0,0,,,,SPHERE,1000,
430104,High Wind,0,ENEMY,,0,0,,,,SPHERE,80,
430105,Heal Curse,0,ENEMY,,0,0,,,,SPHERE,1000,
480001,Goddess Birth,0,ENEMY,,0,0,,,,BOX,50,50,50,0,0,0,
481001,Zantetsuken,0,ENEMY,,0,0,,,,SPHERE,40,
482001,Whirlwind,0,ENEMY,,0,0,,,,SPHERE,330,
483001,Scream,0,ENEMY,,0,0,,,,SPHERE,300,
411001,Lightning (Effect),0,ENEMY,,0,0,,,,SPHERE,1000,
411002,Lightning (Damage),0,ENEMY,,0,0,,,,SPHERE,200,
411101,Hit Box,0,ENEMY,,0,0,,,,BOX,500,500,500,
500001,Simple Camp,0,ALLY,,1,1,50,,,SPHERE,260,
500002,Camp,0,ALLY,,1,1,50,,,SPHERE,260,
500003,High Camp,0,ALLY,,1,1,50,,,SPHERE,260,
500004,Union Camp,0,ALLY,,1,1,50,,,SPHERE,260,
500005,Royal Camp,0,ALLY,,1,1,50,,,SPHERE,260,
500006,High Royal Camp,0,ALLY,,1,1,50,,,SPHERE,260,
500007,Experimental Simple Camp,0,ALLY,,1,1,50,,,SPHERE,260,
500008,Master Camp,0,ALLY,,1,1,50,,,SPHERE,260,
500009,Dimento Camp,0,ALLY,,1,1,50,,,SPHERE,260,
500091,Fireworks,0,ALLY,,,,50,,,SPHERE,0,
600001,Magic Shot Lv 1,0,ENEMY,,0,0,,,,SPHERE,10,
600002,Magic Shot Lv 2,0,ENEMY,,0,0,,,,SPHERE,10,
600011,Water Elemental Magic Attack 1,0,ENEMY,,0,0,,,,SPHERE,10,
600021,Physical Attack (PIE dependence) 1,0,ENEMY,,0,0,,,,SPHERE,10,
600031,Knock Back 1,0,ENEMY,,0,0,,,,SPHERE,100,
