#識別情報,名称,ログID,陣営,自身・発動範囲エフェクト( 配置した人のみが分かる表示エフェクトID ),発動時間表示,名前表示,ネームプレートオフセット,エフェクトの発生先を使用者に割り当てる,エフェクト消滅オフセット,形状,,,,,,,
#EffectObjectSerialID,,,,,,,,,,,,,,,,,
#,,,,,,,,,,,,,,,,,
#,,,,,,,,,,,,,,,,,
#,1,2,,8,,,,,,,18,19,20,21,22,23,24,
#,1,2,3,4,5,6,7,8,9,10,11,12,13,14,15,16,17,
##スキル装備,,,,,,,,,,,,,,,,,
#skill3.xlsで使用,,,,,,,,,,,,,,,,,
#,,,,,,,,,,,,,,,,,
,,,,,,,,,,,幅,奥行き,高さ,オフセット(幅),オフセット(奥行き),オフセット(高さ),
8010111,飛幻刃,0,ENEMY,,0,0,,,,BOX,100,70,40,,100,,
,,,,,,,,,,,半径,NONE,NONE,NONE,NONE,NONE,
8010211,焙烙玉,0,ENEMY,,0,0,,,,SPHERE,40,,,,,,
,,,,,,,,,,,半径,NONE,NONE,NONE,NONE,NONE,
8010212,焙烙玉(爆発),0,ENEMY,,0,0,,,,SPHERE,200,,,,,,
,,,,,,,,,,,半径,NONE,NONE,NONE,NONE,NONE,
8010311,双龍矢,0,ENEMY,,0,0,,,,SPHERE,30,,,,,,
,,,,,,,,,,,半径,NONE,NONE,NONE,NONE,NONE,
8010411,アローレイン,0,ENEMY,,0,0,,,,SPHERE,200,,,,,,
,,,,,,,,,,,半径,NONE,NONE,NONE,NONE,NONE,
8010511,連射弾,0,ENEMY,,0,0,,,,SPHERE,30,,,,,,
,,,,,,,,,,,半径,NONE,NONE,NONE,NONE,NONE,
8010611,ブレイズショット,0,ENEMY,,0,0,,,,SPHERE,40,,,,,,
,,,,,,,,,,,半径,NONE,NONE,NONE,NONE,NONE,
8010711,スパイダーウェブ,0,ENEMY,,0,0,,,,SPHERE,40,,,,,,
,,,,,,,,,,,半径,NONE,NONE,NONE,NONE,NONE,
8010811,イーグルショット,0,ENEMY,,0,0,,,,SPHERE,30,,,,,,
,,,,,,,,,,,半径,NONE,NONE,NONE,NONE,NONE,
8010911,ピアッシングシュート,0,ENEMY,,0,0,,,,SPHERE,40,,,,,,
,,,,,,,,,,,半径,NONE,NONE,NONE,NONE,NONE,
8011011,ラウンドスイープ,0,ENEMY,,0,0,,,,SPHERE,600,,,,,,
,,,,,,,,,,,半径,NONE,NONE,NONE,NONE,NONE,
8011021,気吼波（弾）,0,ENEMY,,0,0,,,,SPHERE,30,,,,,,
,,,,,,,,,,,半径,NONE,NONE,NONE,NONE,NONE,
8011022,気吼波（爆発）,0,ENEMY,,0,0,,,,SPHERE,420,,,,,,
,,,,,,,,,,,半径,NONE,NONE,NONE,NONE,NONE,
8011031,グランドラップ,0,ENEMY,,0,0,,,,SPHERE,200,,,,,,
,,,,,,,,,,,幅,奥行き,高さ,オフセット(幅),オフセット(奥行き),オフセット(高さ),
8011041,パルセイション,0,ENEMY,,0,0,,,,BOX,165,2700,300,0,1350,0,
,,,,,,,,,,,半径,NONE,NONE,NONE,NONE,NONE,
8011051,デストラクトサイン,0,ENEMY,,0,0,,,,SPHERE,500,,,,,,
,,,,,,,,,,,半径,NONE,NONE,NONE,NONE,NONE,
8011061,インフェルノインパクト,0,ENEMY,,0,0,,,,SPHERE,600,,,,,,
,,,,,,,,,,,半径,NONE,NONE,NONE,NONE,NONE,
8011071,ラピッドショット,0,ENEMY,,0,0,,,,SPHERE,30,,,,,,
,,,,,,,,,,,半径,NONE,NONE,NONE,NONE,NONE,
8011081,バズーカショット,0,ENEMY,,0,0,,,,SPHERE,40,,,,,,
,,,,,,,,,,,半径,NONE,NONE,NONE,NONE,NONE,
8011082,バズーカショット（爆発）,0,ALL,,0,0,,,,SPHERE,250,,,,,,
,,,,,,,,,,,半径,NONE,NONE,NONE,NONE,NONE,
8011091,スパイダーショット,0,ENEMY,,0,0,,,,SPHERE,30,,,,,,
,,,,,,,,,,,半径,NONE,NONE,NONE,NONE,NONE,
8011092,スパイダーショット（HIT）,0,ENEMY,,0,0,,,,SPHERE,60,,,,,,
,,,,,,,,,,,半径,NONE,NONE,NONE,NONE,NONE,
8011101,ガイストショット,0,ENEMY,,0,0,,,,SPHERE,30,,,,,,
,,,,,,,,,,,半径,NONE,NONE,NONE,NONE,NONE,
8011111,スプレッドスロウ,0,ENEMY,,0,0,,,,SPHERE,20,,,,,,
,,,,,,,,,,,半径,NONE,NONE,NONE,NONE,NONE,
8011121,シスルショット,0,ENEMY,,0,0,,,,SPHERE,5,,,,,,
,,,,,,,,,,,半径,NONE,NONE,NONE,NONE,NONE,
8011131,マジックマシンガン,0,ENEMY,,0,0,,,,SPHERE,20,,,,,,
,,,,,,,,,,,半径,NONE,NONE,NONE,NONE,NONE,
8011141,マルチライフドレイン,0,ENEMY,,0,0,,,,SPHERE,500,,,,,,
,,,,,,,,,,,半径,NONE,NONE,NONE,NONE,NONE,
8011151,ノクシャスレイン,0,ENEMY,,0,0,,,,SPHERE,400,,,,,,
,,,,,,,,,,,幅,奥行き,高さ,オフセット(幅),オフセット(奥行き),オフセット(高さ),
8011161,小池疾風斬,0,ENEMY,,0,0,,,,BOX,70,50,140,0,100,10,
,,,,,,,,,,,幅,奥行き,高さ,オフセット(幅),オフセット(奥行き),オフセット(高さ),
8011311,ティターンブロウ,0,ENEMY,,0,0,,,,BOX,400,1000,300,,600,150,
,,,,,,,,,,,半径,NONE,NONE,NONE,NONE,NONE,
8050111,常在戦場の陣 ,0,ALLY,,1,1,,,,SPHERE,260,,,,,,
#,,,,,,,,,,,,半径,NONE,NONE,NONE,NONE,NONE,
#,,,,,,,,,,,SPHERE,,,,,,,
,,,,,,,,,,,,,,,,,
##ギミック・トラップ用エフェクトオブジェクト1000000～99999999,,,,,,,,,,,,,,,,,
#Normal,,,,,,,,,,,半径,NONE,NONE,NONE,NONE,NONE,
991101,宝箱解除成功,0,ENEMY,,0,0,,,,SPHERE,10,,,,,,
,,,,,,,,,,,半径,NONE,NONE,NONE,NONE,NONE,
10000041,炎,2,ENEMY,,0,0,,,,SPHERE,140,,,,,,
,,,,,,,,,,,半径,NONE,NONE,NONE,NONE,NONE,
10000042,宴の炎,2,ENEMY,,0,0,,,,SPHERE,10,,,,,,
,,,,,,,,,,,半径,NONE,NONE,NONE,NONE,NONE,
10000043,炎,2,ENEMY,,0,0,,,,SPHERE,140,,,,,,
,,,,,,,,,,,半径,NONE,NONE,NONE,NONE,NONE,
10000044,炎,2,ENEMY,,0,0,,,,SPHERE,140,,,,,,
,,,,,,,,,,,半径,NONE,NONE,NONE,NONE,NONE,
10000045,床炎,2,ENEMY,,0,0,,,,SPHERE,140,,,,,,
,,,,,,,,,,,半径,NONE,NONE,NONE,NONE,NONE,
10000046,炎（即死）,2,ENEMY,,0,0,,,,SPHERE,180,,,,,,
,,,,,,,,,,,半径,NONE,NONE,NONE,NONE,NONE,
10000047,床炎,2,ENEMY,,0,0,,,,SPHERE,140,,,,,,
,,,,,,,,,,,半径,NONE,NONE,NONE,NONE,NONE,
10000051,地雷,3,ENEMY,,0,0,,,,SPHERE,500,,,,,,
,,,,,,,,,,,半径,NONE,NONE,NONE,NONE,NONE,
10000052,処刑装置,6,ENEMY,,0,0,,,,SPHERE,800,,,,,,
,,,,,,,,,,,半径,NONE,NONE,NONE,NONE,NONE,
10000053,地雷,6,ENEMY,,0,0,,,,SPHERE,800,,,,,,
,,,,,,,,,,,半径,NONE,NONE,NONE,NONE,NONE,
10000054,爆発,0,ENEMY,,0,0,,,,SPHERE,800,,,,,,
,,,,,,,,,,,半径,NONE,NONE,NONE,NONE,NONE,
10000061,毒ガス（床）,0,ENEMY,,0,0,,,,SPHERE,500,,,,,,
,,,,,,,,,,,半径,NONE,NONE,NONE,NONE,NONE,
10000062,毒ガス（床：効果大）,0,ENEMY,,0,0,,,,SPHERE,500,,,,,,
,,,,,,,,,,,半径,NONE,NONE,NONE,NONE,NONE,
10000063,混乱ガス（床）,0,ENEMY,,0,0,,,,SPHERE,500,,,,,,
,,,,,,,,,,,半径,NONE,NONE,NONE,NONE,NONE,
10000071,矢,4,ENEMY,,0,0,,,,SPHERE,200,,,,,,
,,,,,,,,,,,半径,NONE,NONE,NONE,NONE,NONE,
10000072,毒矢,4,ENEMY,,0,0,,,,SPHERE,200,,,,,,
,,,,,,,,,,,半径,NONE,NONE,NONE,NONE,NONE,
10000073,麻痺矢,4,ENEMY,,0,0,,,,SPHERE,200,,,,,,
,,,,,,,,,,,半径,NONE,NONE,NONE,NONE,NONE,
10000074,睡眠矢,4,ENEMY,,0,0,,,,SPHERE,200,,,,,,
,,,,,,,,,,,半径,NONE,NONE,NONE,NONE,NONE,
10000075,毒矢,4,ENEMY,,0,0,,,,SPHERE,200,,,,,,
,,,,,,,,,,,半径,NONE,NONE,NONE,NONE,NONE,
10000081,落石,1,ENEMY,,0,0,,,,SPHERE,200,,,,,,
,,,,,,,,,,,半径,NONE,NONE,NONE,NONE,NONE,
10000082,落石,1,ENEMY,,0,0,,,,SPHERE,200,,,,,,
,,,,,,,,,,,半径,NONE,NONE,NONE,NONE,NONE,
10000091,毒ガス小（床）,0,ENEMY,,0,0,,,,SPHERE,200,,,,,,
,,,,,,,,,,,半径,NONE,NONE,NONE,NONE,NONE,
10000092,コンディション下げガス,0,ENEMY,,0,0,,,,SPHERE,200,,,,,,
,,,,,,,,,,,半径,NONE,NONE,NONE,NONE,NONE,
10000101,睡眠ガス小（床）,0,ENEMY,,0,0,,,,SPHERE,180,,,,,,
,,,,,,,,,,,半径,NONE,NONE,NONE,NONE,NONE,
10000102,睡眠ガス大（床）,0,ENEMY,,0,0,,,,SPHERE,400,,,,,,
,,,,,,,,,,,半径,NONE,NONE,NONE,NONE,NONE,
10000111,石化ガス小（床）,0,ENEMY,,0,0,,,,SPHERE,180,,,,,,
,,,,,,,,,,,半径,NONE,NONE,NONE,NONE,NONE,
10000112,石化ガス大（床）,0,ENEMY,,0,0,,,,SPHERE,400,,,,,,
,,,,,,,,,,,半径,NONE,NONE,NONE,NONE,NONE,
10000121,テレポーター,0,ENEMY,,0,0,,,,SPHERE,500,,,,,,
,,,,,,,,,,,幅,奥行き,高さ,オフセット(幅),オフセット(奥行き),オフセット(高さ),
10000131,即死ガス（蒼の洞窟用）,0,ENEMY,,0,0,,,,BOX,1350,1350,50,,,,
,,,,,,,,,,,幅,奥行き,高さ,オフセット(幅),オフセット(奥行き),オフセット(高さ),
10000141,mobをReentryさせる（小部屋用）,0,ALL,,0,0,,,,BOX,1250,1250,800,,,,
,,,,,,,,,,,幅,奥行き,高さ,オフセット(幅),オフセット(奥行き),オフセット(高さ),
10000142,mobをReentryさせる（小扉用）,0,ALL,,0,0,,,,BOX,300,300,400,,,,
,,,,,,,,,,,半径,NONE,NONE,NONE,NONE,NONE,
10000151,麻痺ガス（床）,0,ENEMY,,0,0,,,,SPHERE,500,,,,,,
,,,,,,,,,,,半径,NONE,NONE,NONE,NONE,NONE,
10000161,呪石化ガス（床）,0,ENEMY,,0,0,,,,SPHERE,250,,,,,,
,,,,,,,,,,,半径,NONE,NONE,NONE,NONE,NONE,
10000200,間欠泉土台（火：洞窟汎用）,0,ENEMY,,0,0,,,,SPHERE,1,,,,,,
,,,,,,,,,,,半径,NONE,NONE,NONE,NONE,NONE,
10000201,間欠泉土台（睡眠：洞窟汎用）,0,ENEMY,,0,0,,,,SPHERE,1,,,,,,
,,,,,,,,,,,半径,NONE,NONE,NONE,NONE,NONE,
10000202,間欠泉土台（麻痺：洞窟汎用）,0,ENEMY,,0,0,,,,SPHERE,1,,,,,,
,,,,,,,,,,,半径,NONE,NONE,NONE,NONE,NONE,
10000203,間欠泉土台（毒：洞窟汎用）,0,ENEMY,,0,0,,,,SPHERE,1,,,,,,
,,,,,,,,,,,半径,NONE,NONE,NONE,NONE,NONE,
10000204,間欠泉土台（耐久度低下：洞窟汎用）,0,ENEMY,,0,0,,,,SPHERE,1,,,,,,
,,,,,,,,,,,半径,NONE,NONE,NONE,NONE,NONE,
10000205,間欠泉土台（暗闇：洞窟汎用）,0,ENEMY,,0,0,,,,SPHERE,1,,,,,,
,,,,,,,,,,,半径,NONE,NONE,NONE,NONE,NONE,
10000211,間欠泉（火ダメ）,0,ENEMY,,0,0,,,,SPHERE,100,,,,,,
,,,,,,,,,,,半径,NONE,NONE,NONE,NONE,NONE,
10000212,間欠泉（火ダメ）PCのみ,0,ENEMY,,0,0,,,,SPHERE,100,,,,,,
,,,,,,,,,,,半径,NONE,NONE,NONE,NONE,NONE,
10000221,間欠泉（ダメージ＋睡眠）,0,ENEMY,,0,0,,,,SPHERE,100,,,,,,
,,,,,,,,,,,半径,NONE,NONE,NONE,NONE,NONE,
10000222,間欠泉（ダメージ＋睡眠）PCのみ,0,ENEMY,,0,0,,,,SPHERE,100,,,,,,
,,,,,,,,,,,半径,NONE,NONE,NONE,NONE,NONE,
10000231,間欠泉（ダメージ＋麻痺）,0,ENEMY,,0,0,,,,SPHERE,100,,,,,,
,,,,,,,,,,,半径,NONE,NONE,NONE,NONE,NONE,
10000232,間欠泉（ダメージ＋麻痺）PCのみ,0,ENEMY,,0,0,,,,SPHERE,100,,,,,,
,,,,,,,,,,,半径,NONE,NONE,NONE,NONE,NONE,
10000241,間欠泉（ダメージ＋毒＋移動速度低下）,0,ENEMY,,0,0,,,,SPHERE,100,,,,,,
,,,,,,,,,,,半径,NONE,NONE,NONE,NONE,NONE,
10000242,間欠泉（ダメージ＋毒＋移動速度低下）PCのみ,0,ENEMY,,0,0,,,,SPHERE,100,,,,,,
,,,,,,,,,,,半径,NONE,NONE,NONE,NONE,NONE,
10000251,間欠泉（ダメージ＋装備耐久度低下）,0,ENEMY,,0,0,,,,SPHERE,100,,,,,,
,,,,,,,,,,,半径,NONE,NONE,NONE,NONE,NONE,
10000252,間欠泉（ダメージ＋装備耐久度低下）PCのみ,0,ENEMY,,0,0,,,,SPHERE,100,,,,,,
,,,,,,,,,,,半径,NONE,NONE,NONE,NONE,NONE,
10000261,間欠泉（ダメージ＋暗闇）,0,ENEMY,,0,0,,,,SPHERE,100,,,,,,
,,,,,,,,,,,半径,NONE,NONE,NONE,NONE,NONE,
10000262,間欠泉（ダメージ＋暗闇）PCのみ,0,ENEMY,,0,0,,,,SPHERE,100,,,,,,
,,,,,,,,,,,半径,NONE,NONE,NONE,NONE,NONE,
21010031,爆弾箱,5,ENEMY,,0,0,,,,SPHERE,300,,,,,,
,,,,,,,,,,,半径,NONE,NONE,NONE,NONE,NONE,
21010041,削岩地雷爆弾,1,ENEMY,,0,0,,,,SPHERE,300,,,,,,
,,,,,,,,,,,半径,NONE,NONE,NONE,NONE,NONE,
21010051,宝箱型スイッチ,0,ENEMY,,0,0,,,,SPHERE,300,,,,,,
,,,,,,,,,,,半径,NONE,NONE,NONE,NONE,NONE,
21010052,宝箱型スイッチ(導火線),0,ENEMY,,0,0,,,,SPHERE,300,,,,,,
,,,,,,,,,,,半径,NONE,NONE,NONE,NONE,NONE,
23010011,毒ガス(宝箱),0,ENEMY,,0,0,,,,SPHERE,500,,,,,,
,,,,,,,,,,,半径,NONE,NONE,NONE,NONE,NONE,
23010012,猛毒ガス(宝箱),0,ENEMY,,0,0,,,,SPHERE,600,,,,,,
,,,,,,,,,,,半径,NONE,NONE,NONE,NONE,NONE,
23010015,高圧電線（宝箱）,0,ENEMY,,0,0,,,,SPHERE,50,,,,,,
,,,,,,,,,,,半径,NONE,NONE,NONE,NONE,NONE,
23010016,高圧電線（処刑用）,0,ENEMY,,0,0,,,,SPHERE,300,,,,,,
,,,,,,,,,,,半径,NONE,NONE,NONE,NONE,NONE,
23010017,警報（宝箱）,0,ENEMY,,0,0,,,,SPHERE,3000,,,,,,
,,,,,,,,,,,半径,NONE,NONE,NONE,NONE,NONE,
23010018,マジックドレイン（宝箱）,0,ENEMY,,0,0,,,,SPHERE,500,,,,,,
,,,,,,,,,,,半径,NONE,NONE,NONE,NONE,NONE,
23010019,睡眠ガス（宝箱）,0,ENEMY,,0,0,,,,SPHERE,480,,,,,,
,,,,,,,,,,,半径,NONE,NONE,NONE,NONE,NONE,
23010020,睡眠ガス（宝箱・MOBアタリ無）,0,ENEMY,,0,0,,,,SPHERE,480,,,,,,
,,,,,,,,,,,半径,NONE,NONE,NONE,NONE,NONE,
23010021,毒ガス(宝箱・MOBアタリ無）,0,ENEMY,,0,0,,,,SPHERE,500,,,,,,
,,,,,,,,,,,半径,NONE,NONE,NONE,NONE,NONE,
23010022,猛毒ガス(宝箱・MOBアタリ無）,0,ENEMY,,0,0,,,,SPHERE,600,,,,,,
,,,,,,,,,,,半径,NONE,NONE,NONE,NONE,NONE,
23010023,高圧電線（宝箱・MOBアタリ無）,0,ENEMY,,0,0,,,,SPHERE,50,,,,,,
,,,,,,,,,,,半径,NONE,NONE,NONE,NONE,NONE,
24010031,トラップドア,5,ENEMY,,0,0,,,,SPHERE,200,,,,,,
,,,,,,,,,,,半径,NONE,NONE,NONE,NONE,NONE,
24020011,上下扉（地下水道）,5,ENEMY,,0,0,,,,SPHERE,200,,,,,,
,,,,,,,,,,,半径,NONE,NONE,NONE,NONE,NONE,
25010011,火炎弾,1,ENEMY,,0,0,,,,SPHERE,30,,,,,,
,,,,,,,,,,,幅,奥行き,高さ,オフセット(幅),オフセット(奥行き),オフセット(高さ),
25010012,大火炎弾,1,ENEMY,,0,0,,,,BOX,730,140,400,0,60,100,
,,,,,,,,,,,半径,NONE,NONE,NONE,NONE,NONE,
25010013,水冷弾,1,ENEMY,,0,0,,,,SPHERE,50,,,,,,
,,,,,,,,,,,半径,NONE,NONE,NONE,NONE,NONE,
25010014,水冷弾,1,ENEMY,,0,0,,,,SPHERE,50,,,,,,
,,,,,,,,,,,半径,NONE,NONE,NONE,NONE,NONE,
25010015,大落雷,1,ENEMY,,0,0,,,,SPHERE,1000,,,,,,
,,,,,,,,,,,幅,奥行き,高さ,オフセット(幅),オフセット(奥行き),オフセット(高さ),
25010016,大火炎弾,1,ENEMY,,0,0,,,,BOX,1105,500,300,0,300,95,
,,,,,,,,,,,半径,NONE,NONE,NONE,NONE,NONE,
25010017,暗黒弾,1,ENEMY,,0,0,,,,SPHERE,20,,,,,,
,,,,,,,,,,,幅,奥行き,高さ,オフセット(幅),オフセット(奥行き),オフセット(高さ),
25010018,大火炎弾,1,ENEMY,,0,0,,,,BOX,530,400,300,0,300,95,
,,,,,,,,,,,幅,奥行き,高さ,オフセット(幅),オフセット(奥行き),オフセット(高さ),
25010021,火炎放射（石像）,0,ENEMY,,0,0,,,,BOX,100,450,160,0,-225,0,
,,,,,,,,,,,幅,奥行き,高さ,オフセット(幅),オフセット(奥行き),オフセット(高さ),
25010022,火炎放射（モブアタリ無し）,0,ENEMY,,0,0,,,,BOX,100,325,160,0,-175,0,
,,,,,,,,,,,幅,奥行き,高さ,オフセット(幅),オフセット(奥行き),オフセット(高さ),
25010023,火炎放射（属性ダメージ）,0,ENEMY,,0,0,,,,BOX,100,450,100,0,-225,30,
,,,,,,,,,,,幅,奥行き,高さ,オフセット(幅),オフセット(奥行き),オフセット(高さ),
25010024,火炎放射（石像 MOBアタリ無し）,0,ENEMY,,0,0,,,,BOX,100,450,160,0,-225,0,
,,,,,,,,,,,半径,NONE,NONE,NONE,NONE,NONE,
25010041,扇形火炎弾,0,ENEMY,,0,0,,,,SPHERE,30,,,,,,
,,,,,,,,,,,幅,奥行き,高さ,オフセット(幅),オフセット(奥行き),オフセット(高さ),
25010071,火炎放射（直線）,0,ENEMY,,0,0,,,,BOX,70,200,60,0,-100,0,
,,,,,,,,,,,幅,奥行き,高さ,オフセット(幅),オフセット(奥行き),オフセット(高さ),
25010072,火炎放射（直線/モブアタリ無し）,0,ENEMY,,0,0,,,,BOX,70,200,60,0,-100,0,
,,,,,,,,,,,半径,NONE,NONE,NONE,NONE,NONE,
25010073,魔力炉暴走,0,ENEMY,,0,0,,,,SPHERE,300,,,,,,
,,,,,,,,,,,半径,NONE,NONE,NONE,NONE,NONE,
25010081,火炎弾,1,ENEMY,,0,0,,,,SPHERE,20,,,,,,
,,,,,,,,,,,半径,NONE,NONE,NONE,NONE,NONE,
25010082,氷結弾,1,ENEMY,,0,0,,,,SPHERE,20,,,,,,
,,,,,,,,,,,半径,NONE,NONE,NONE,NONE,NONE,
25010083,旋風弾,1,ENEMY,,0,0,,,,SPHERE,20,,,,,,
,,,,,,,,,,,半径,NONE,NONE,NONE,NONE,NONE,
25010084,土流弾,1,ENEMY,,0,0,,,,SPHERE,20,,,,,,
,,,,,,,,,,,幅,奥行き,高さ,オフセット(幅),オフセット(奥行き),オフセット(高さ),
25010091,呪石化レーザー,1,ENEMY,,0,0,,,,BOX,80,1000,90,0,450,,
,,,,,,,,,,,幅,奥行き,高さ,オフセット(幅),オフセット(奥行き),オフセット(高さ),
25010092,呪石化レーザー,1,ENEMY,,0,0,,,,BOX,240,4000,270,0,1950,,
,,,,,,,,,,,半径,NONE,NONE,NONE,NONE,NONE,
25020011,テスト振り子鎌,0,ENEMY,,0,0,,,,SPHERE,100,,,,,,
,,,,,,,,,,,幅,奥行き,高さ,オフセット(幅),オフセット(奥行き),オフセット(高さ),
26010011,壁から飛び出す槍,0,ENEMY,,0,0,,,,BOX,50,200,160,,,,
,,,,,,,,,,,幅,奥行き,高さ,オフセット(幅),オフセット(奥行き),オフセット(高さ),
26010012,壁から飛び出す槍(大),0,ENEMY,,0,0,,,,BOX,50,200,160,,-100,,
,,,,,,,,,,,幅,奥行き,高さ,オフセット(幅),オフセット(奥行き),オフセット(高さ),
26010013,壁から飛び出す槍(ロッドハーディー用),0,ENEMY,,0,0,,,,BOX,80,600,320,,-100,,
,,,,,,,,,,,幅,奥行き,高さ,オフセット(幅),オフセット(奥行き),オフセット(高さ),
26010021,床から飛び出す槍,0,ENEMY,,0,0,,,,BOX,100,100,100,,,,
,,,,,,,,,,,幅,奥行き,高さ,オフセット(幅),オフセット(奥行き),オフセット(高さ),
26010022,床から飛び出す槍(プレイヤーのみ),0,ENEMY,,0,0,,,,BOX,100,100,100,,,,
,,,,,,,,,,,幅,奥行き,高さ,オフセット(幅),オフセット(奥行き),オフセット(高さ),
26010023,床から飛び出す槍(忘却の寺院トラップドア),0,ENEMY,,0,0,,,,BOX,100,100,100,,,,
,,,,,,,,,,,幅,奥行き,高さ,オフセット(幅),オフセット(奥行き),オフセット(高さ),
26010024,床から飛び出す槍(ロッドハーディー用),0,ENEMY,,0,0,,,,BOX,400,170,200,,,-75,
,,,,,,,,,,,幅,奥行き,高さ,オフセット(幅),オフセット(奥行き),オフセット(高さ),
26010025,床から飛び出す槍(即死),0,ENEMY,,0,0,,,,BOX,500,500,400,,,,
,,,,,,,,,,,半径,NONE,NONE,NONE,NONE,NONE,
27010070,放電床(見た目だけ),0,ENEMY,,0,0,,,,SPHERE,250,,,,,,
,,,,,,,,,,,半径,NONE,NONE,NONE,NONE,NONE,
27010071,放電床,0,ENEMY,,0,0,,,,SPHERE,160,,,,,,
,,,,,,,,,,,半径,NONE,NONE,NONE,NONE,NONE,
27010072,放電床（即死）,0,ENEMY,,0,0,,,,SPHERE,220,,,,,,
,,,,,,,,,,,半径,NONE,NONE,NONE,NONE,NONE,
27010073,放電床(沈黙),0,ENEMY,,0,0,,,,SPHERE,250,,,,,,
,,,,,,,,,,,半径,NONE,NONE,NONE,NONE,NONE,
27010081,落雷,1,ENEMY,,0,0,,,,SPHERE,160,,,,,,
,,,,,,,,,,,半径,NONE,NONE,NONE,NONE,NONE,
27010091,蜘蛛の巣,0,ENEMY,,0,0,,,,SPHERE,250,,,,,,
,,,,,,,,,,,半径,NONE,NONE,NONE,NONE,NONE,
28010010,マジックドレイン（魔法陣発動時エフェクト用）,0,ENEMY,,0,0,,,,SPHERE,150,,,,,,
,,,,,,,,,,,半径,NONE,NONE,NONE,NONE,NONE,
28010011,マジックドレイン（魔法陣効果と振動）,0,ENEMY,,0,0,,,,SPHERE,1,,,,,,
,,,,,,,,,,,半径,NONE,NONE,NONE,NONE,NONE,
28010020,石化（魔法陣発動時エフェクト用）,0,ENEMY,,0,0,,,,SPHERE,150,,,,,,
,,,,,,,,,,,半径,NONE,NONE,NONE,NONE,NONE,
28010021,石化（魔法陣効果と振動）,0,ENEMY,,0,0,,,,SPHERE,1,,,,,,
,,,,,,,,,,,半径,NONE,NONE,NONE,NONE,NONE,
28010022,石化+ダメージ（魔法陣発動時エフェクト用）,0,ENEMY,,0,0,,,,SPHERE,150,,,,,,
,,,,,,,,,,,半径,NONE,NONE,NONE,NONE,NONE,
28010023,石化+ダメージ（魔法陣効果と振動）,0,ENEMY,,0,0,,,,SPHERE,1,,,,,,
,,,,,,,,,,,半径,NONE,NONE,NONE,NONE,NONE,
28010024,石化（魔法陣発動時エフェクト用）,0,ENEMY,,0,0,,,,SPHERE,150,,,,,,
,,,,,,,,,,,半径,NONE,NONE,NONE,NONE,NONE,
28010025,石化（魔法陣効果と振動）,0,ENEMY,,0,0,,,,SPHERE,1,,,,,,
,,,,,,,,,,,半径,NONE,NONE,NONE,NONE,NONE,
28010026,石化+ダメージ（MOBアタリなし 魔法陣発動時エフェクト用）,0,ENEMY,,0,0,,,,SPHERE,150,,,,,,
,,,,,,,,,,,半径,NONE,NONE,NONE,NONE,NONE,
28010027,石化+ダメージ（MOBアタリなし 魔法陣効果と振動）,0,ENEMY,,0,0,,,,SPHERE,1,,,,,,
,,,,,,,,,,,半径,NONE,NONE,NONE,NONE,NONE,
28010030,恐怖（魔法陣発動時エフェクト用）,0,ENEMY,,0,0,,,,SPHERE,150,,,,,,
,,,,,,,,,,,半径,NONE,NONE,NONE,NONE,NONE,
28010031,恐怖（魔法陣効果と振動）,0,ENEMY,,0,0,,,,SPHERE,1,,,,,,
,,,,,,,,,,,半径,NONE,NONE,NONE,NONE,NONE,
28010032,恐怖+ダメージ（魔法陣発動時エフェクト用）,0,ENEMY,,0,0,,,,SPHERE,150,,,,,,
,,,,,,,,,,,半径,NONE,NONE,NONE,NONE,NONE,
28010033,恐怖+ダメージ（魔法陣効果と振動）,0,ENEMY,,0,0,,,,SPHERE,1,,,,,,
,,,,,,,,,,,半径,NONE,NONE,NONE,NONE,NONE,
28010034,恐怖+ダメージ（MOBアタリなし 魔法陣発動時エフェクト用）,0,ENEMY,,0,0,,,,SPHERE,150,,,,,,
,,,,,,,,,,,半径,NONE,NONE,NONE,NONE,NONE,
28010035,恐怖+ダメージ（MOBアタリなし 魔法陣効果と振動）,0,ENEMY,,0,0,,,,SPHERE,1,,,,,,
,,,,,,,,,,,半径,NONE,NONE,NONE,NONE,NONE,
28010040,睡眠（魔法陣発動時エフェクト用）,0,ENEMY,,0,0,,,,SPHERE,150,,,,,,
,,,,,,,,,,,半径,NONE,NONE,NONE,NONE,NONE,
28010041,睡眠（魔法陣効果と振動）,0,ENEMY,,0,0,,,,SPHERE,1,,,,,,
,,,,,,,,,,,半径,NONE,NONE,NONE,NONE,NONE,
28010042,睡眠+ダメージ（魔法陣発動時エフェクト用）,0,ENEMY,,0,0,,,,SPHERE,150,,,,,,
,,,,,,,,,,,半径,NONE,NONE,NONE,NONE,NONE,
28010043,睡眠+ダメージ（魔法陣効果と振動）,0,ENEMY,,0,0,,,,SPHERE,1,,,,,,
,,,,,,,,,,,半径,NONE,NONE,NONE,NONE,NONE,
28010044,睡眠（魔法陣発動時エフェクト用）,0,ENEMY,,0,0,,,,SPHERE,150,,,,,,
,,,,,,,,,,,半径,NONE,NONE,NONE,NONE,NONE,
28010045,睡眠（魔法陣効果と振動）,0,ENEMY,,0,0,,,,SPHERE,1,,,,,,
,,,,,,,,,,,半径,NONE,NONE,NONE,NONE,NONE,
28010046,睡眠+ダメージ（MOBアタリなし 魔法陣発動時エフェクト用）,0,ENEMY,,0,0,,,,SPHERE,150,,,,,,
,,,,,,,,,,,半径,NONE,NONE,NONE,NONE,NONE,
28010047,睡眠+ダメージ（MOBアタリなし 魔法陣効果と振動）,0,ENEMY,,0,0,,,,SPHERE,1,,,,,,
,,,,,,,,,,,半径,NONE,NONE,NONE,NONE,NONE,
28010050,麻痺（魔法陣発動時エフェクト用）,0,ENEMY,,0,0,,,,SPHERE,150,,,,,,
,,,,,,,,,,,半径,NONE,NONE,NONE,NONE,NONE,
28010051,麻痺（魔法陣効果と振動）,0,ENEMY,,0,0,,,,SPHERE,1,,,,,,
,,,,,,,,,,,半径,NONE,NONE,NONE,NONE,NONE,
28010052,麻痺+ダメージ（魔法陣発動時エフェクト用）,0,ENEMY,,0,0,,,,SPHERE,150,,,,,,
,,,,,,,,,,,半径,NONE,NONE,NONE,NONE,NONE,
28010053,麻痺+ダメージ（魔法陣効果と振動）,0,ENEMY,,0,0,,,,SPHERE,1,,,,,,
,,,,,,,,,,,半径,NONE,NONE,NONE,NONE,NONE,
28010054,麻痺+ダメージ（MOBアタリなし 魔法陣発動時エフェクト用）,0,ENEMY,,0,0,,,,SPHERE,150,,,,,,
,,,,,,,,,,,半径,NONE,NONE,NONE,NONE,NONE,
28010055,麻痺+ダメージ（MOBアタリなし 魔法陣効果と振動）,0,ENEMY,,0,0,,,,SPHERE,1,,,,,,
,,,,,,,,,,,半径,NONE,NONE,NONE,NONE,NONE,
28010060,毒（魔法陣発動時エフェクト用）,0,ENEMY,,0,0,,,,SPHERE,150,,,,,,
,,,,,,,,,,,半径,NONE,NONE,NONE,NONE,NONE,
28010061,毒（魔法陣効果と振動）,0,ENEMY,,0,0,,,,SPHERE,1,,,,,,
,,,,,,,,,,,半径,NONE,NONE,NONE,NONE,NONE,
28010062,毒+ダメージ（魔法陣発動時エフェクト用）,0,ENEMY,,0,0,,,,SPHERE,150,,,,,,
,,,,,,,,,,,半径,NONE,NONE,NONE,NONE,NONE,
28010063,毒+ダメージ（魔法陣効果と振動）,0,ENEMY,,0,0,,,,SPHERE,1,,,,,,
,,,,,,,,,,,半径,NONE,NONE,NONE,NONE,NONE,
28010064,毒（魔法陣発動時エフェクト用）,0,ENEMY,,0,0,,,,SPHERE,150,,,,,,
,,,,,,,,,,,半径,NONE,NONE,NONE,NONE,NONE,
28010065,毒（魔法陣効果と振動）,0,ENEMY,,0,0,,,,SPHERE,1,,,,,,
,,,,,,,,,,,幅,奥行き,高さ,オフセット(幅),オフセット(奥行き),オフセット(高さ),
28010066,毒（即死）範囲正方形,0,ENEMY,,0,0,,,,BOX,200,200,200,,,,
,,,,,,,,,,,幅,奥行き,高さ,オフセット(幅),オフセット(奥行き),オフセット(高さ),
28010067,毒（即死）範囲平べったい,0,ENEMY,,0,0,,,,BOX,600,600,100,,,,
,,,,,,,,,,,半径,NONE,NONE,NONE,NONE,NONE,
28010068,毒+ダメージ（MOBアタリなし 魔法陣発動時エフェクト用）,0,ENEMY,,0,0,,,,SPHERE,150,,,,,,
,,,,,,,,,,,半径,NONE,NONE,NONE,NONE,NONE,
28010069,毒+ダメージ（MOBアタリなし 魔法陣効果と振動）,0,ENEMY,,0,0,,,,SPHERE,1,,,,,,
,,,,,,,,,,,半径,NONE,NONE,NONE,NONE,NONE,
28010070,鈍足-40%（魔法陣発動時エフェクト用）,0,ENEMY,,0,0,,,,SPHERE,150,,,,,,
,,,,,,,,,,,半径,NONE,NONE,NONE,NONE,NONE,
28010071,鈍足-40%（魔法陣効果と振動）,0,ENEMY,,0,0,,,,SPHERE,1,,,,,,
,,,,,,,,,,,半径,NONE,NONE,NONE,NONE,NONE,
28010072,鈍足-40%+ダメージ（魔法陣発動時エフェクト用）,0,ENEMY,,0,0,,,,SPHERE,150,,,,,,
,,,,,,,,,,,半径,NONE,NONE,NONE,NONE,NONE,
28010073,鈍足-40%+ダメージ（魔法陣効果と振動）,0,ENEMY,,0,0,,,,SPHERE,1,,,,,,
,,,,,,,,,,,半径,NONE,NONE,NONE,NONE,NONE,
28010074,鈍足-40%（魔法陣発動時エフェクト用）,0,ENEMY,,0,0,,,,SPHERE,150,,,,,,
,,,,,,,,,,,半径,NONE,NONE,NONE,NONE,NONE,
28010075,鈍足-40%（魔法陣効果と振動map移動時バフ削除）,0,ENEMY,,0,0,,,,SPHERE,1,,,,,,
,,,,,,,,,,,半径,NONE,NONE,NONE,NONE,NONE,
28010076,鈍足-30%(クモの巣),0,ENEMY,,0,0,,,,SPHERE,150,,,,,,
,,,,,,,,,,,半径,NONE,NONE,NONE,NONE,NONE,
28010077,鈍足-40%+ダメージ（MOBアタリなし 魔法陣発動時エフェクト用）,0,ENEMY,,0,0,,,,SPHERE,150,,,,,,
,,,,,,,,,,,半径,NONE,NONE,NONE,NONE,NONE,
28010078,鈍足-40%+ダメージ（MOBアタリなし 魔法陣効果と振動）,0,ENEMY,,0,0,,,,SPHERE,1,,,,,,
,,,,,,,,,,,半径,NONE,NONE,NONE,NONE,NONE,
28010080,暗闇（魔法陣発動時エフェクト用）,0,ENEMY,,0,0,,,,SPHERE,150,,,,,,
,,,,,,,,,,,半径,NONE,NONE,NONE,NONE,NONE,
28010081,暗闇（魔法陣効果と振動）,0,ENEMY,,0,0,,,,SPHERE,1,,,,,,
,,,,,,,,,,,半径,NONE,NONE,NONE,NONE,NONE,
28010082,暗闇+ダメージ（魔法陣発動時エフェクト用）,0,ENEMY,,0,0,,,,SPHERE,150,,,,,,
,,,,,,,,,,,半径,NONE,NONE,NONE,NONE,NONE,
28010083,暗闇+ダメージ（魔法陣効果と振動）,0,ENEMY,,0,0,,,,SPHERE,1,,,,,,
,,,,,,,,,,,半径,NONE,NONE,NONE,NONE,NONE,
28010084,暗闇+ダメージ（MOBアタリなし 魔法陣発動時エフェクト用）,0,ENEMY,,0,0,,,,SPHERE,150,,,,,,
,,,,,,,,,,,半径,NONE,NONE,NONE,NONE,NONE,
28010085,暗闇+ダメージ（MOBアタリなし 魔法陣効果と振動）,0,ENEMY,,0,0,,,,SPHERE,1,,,,,,
,,,,,,,,,,,半径,NONE,NONE,NONE,NONE,NONE,
28010090,混乱（魔法陣発動時エフェクト用）,0,ENEMY,,0,0,,,,SPHERE,150,,,,,,
,,,,,,,,,,,半径,NONE,NONE,NONE,NONE,NONE,
28010091,混乱（魔法陣効果と振動）,0,ENEMY,,0,0,,,,SPHERE,1,,,,,,
,,,,,,,,,,,半径,NONE,NONE,NONE,NONE,NONE,
28010092,混乱+ダメージ（魔法陣発動時エフェクト用）,0,ENEMY,,0,0,,,,SPHERE,150,,,,,,
,,,,,,,,,,,半径,NONE,NONE,NONE,NONE,NONE,
28010093,混乱+ダメージ（魔法陣効果と振動）,0,ENEMY,,0,0,,,,SPHERE,1,,,,,,
,,,,,,,,,,,半径,NONE,NONE,NONE,NONE,NONE,
28010094,混乱+ダメージ（MOBアタリなし 魔法陣発動時エフェクト用）,0,ENEMY,,0,0,,,,SPHERE,150,,,,,,
,,,,,,,,,,,半径,NONE,NONE,NONE,NONE,NONE,
28010095,混乱+ダメージ（MOBアタリなし 魔法陣効果と振動）,0,ENEMY,,0,0,,,,SPHERE,1,,,,,,
,,,,,,,,,,,半径,NONE,NONE,NONE,NONE,NONE,
28010100,爆発（魔法陣発動時エフェクト用）,0,ENEMY,,0,0,,,,SPHERE,150,,,,,,
,,,,,,,,,,,半径,NONE,NONE,NONE,NONE,NONE,
28010101,爆発（魔法陣効果と振動）,0,ENEMY,,0,0,,,,SPHERE,1,,,,,,
,,,,,,,,,,,半径,NONE,NONE,NONE,NONE,NONE,
28010102,爆発（MOBアタリなし 魔法陣発動時エフェクト用）,0,ENEMY,,0,0,,,,SPHERE,150,,,,,,
,,,,,,,,,,,半径,NONE,NONE,NONE,NONE,NONE,
28010103,爆発（MOBアタリなし 魔法陣効果と振動）,0,ENEMY,,0,0,,,,SPHERE,1,,,,,,
,,,,,,,,,,,半径,NONE,NONE,NONE,NONE,NONE,
28010110,即死（魔法陣発動時エフェクト用）,0,ENEMY,,0,0,,,,SPHERE,150,,,,,,
,,,,,,,,,,,半径,NONE,NONE,NONE,NONE,NONE,
28010111,即死（魔法陣効果と振動）,0,ENEMY,,0,0,,,,SPHERE,1,,,,,,
,,,,,,,,,,,半径,NONE,NONE,NONE,NONE,NONE,
28010120,気絶（魔法陣発動時エフェクト用）,0,ENEMY,,0,0,,,,SPHERE,150,,,,,,
,,,,,,,,,,,半径,NONE,NONE,NONE,NONE,NONE,
28010121,気絶（魔法陣効果と振動）,0,ENEMY,,0,0,,,,SPHERE,1,,,,,,
,,,,,,,,,,,半径,NONE,NONE,NONE,NONE,NONE,
28010130,暗闇（魔法陣発動時エフェクト用）,0,ENEMY,,0,0,,,,SPHERE,150,,,,,,
,,,,,,,,,,,半径,NONE,NONE,NONE,NONE,NONE,
28010131,暗闇（魔法陣効果と振動）,0,ENEMY,,0,0,,,,SPHERE,1,,,,,,
,,,,,,,,,,,半径,NONE,NONE,NONE,NONE,NONE,
28010134,暗闇（魔法陣発動時エフェクト用）,0,ENEMY,,0,0,,,,SPHERE,150,,,,,,
,,,,,,,,,,,半径,NONE,NONE,NONE,NONE,NONE,
28010135,暗闇（魔法陣効果と振動map移動時バフ削除）,0,ENEMY,,0,0,,,,SPHERE,1,,,,,,
,,,,,,,,,,,半径,NONE,NONE,NONE,NONE,NONE,
28010140,狂気の渦（魔法陣発動時エフェクト用）,0,ENEMY,,0,0,,,,SPHERE,150,,,,,,
,,,,,,,,,,,半径,NONE,NONE,NONE,NONE,NONE,
28010141,狂気の渦（魔法陣効果と振動）,0,ENEMY,,0,0,,,,SPHERE,1,,,,,,
,,,,,,,,,,,半径,NONE,NONE,NONE,NONE,NONE,
28010150,空腹の呪い（魔法陣発動時エフェクト用）,0,ENEMY,,0,0,,,,SPHERE,150,,,,,,
,,,,,,,,,,,半径,NONE,NONE,NONE,NONE,NONE,
28010151,空腹の呪い（魔法陣効果と振動）,0,ENEMY,,0,0,,,,SPHERE,1,,,,,,
,,,,,,,,,,,半径,NONE,NONE,NONE,NONE,NONE,
28010160,ノックバック+ダメージ（魔法陣発動時エフェクト用）,0,ENEMY,,0,0,,,,SPHERE,150,,,,,,
,,,,,,,,,,,半径,NONE,NONE,NONE,NONE,NONE,
28010161,ノックバック+ダメージ（魔法陣効果と振動）,0,ENEMY,,0,0,,1,,SPHERE,100,,,,,,
,,,,,,,,,,,半径,NONE,NONE,NONE,NONE,NONE,
28010162,ノックバック（魔法陣発動時エフェクト用）,0,ENEMY,,0,0,,,,SPHERE,50,,,,,,
,,,,,,,,,,,半径,NONE,NONE,NONE,NONE,NONE,
28010163,ノックバック（魔法陣効果と振動）,0,ENEMY,,0,0,,1,,SPHERE,1,,,,,,
,,,,,,,,,,,半径,NONE,NONE,NONE,NONE,NONE,
28010170,狂気ガス(土台),0,ENEMY,,0,0,,,,SPHERE,1,,,,,,
,,,,,,,,,,,半径,NONE,NONE,NONE,NONE,NONE,
28010171,狂気ガス(効果),0,ENEMY,,0,0,,,,SPHERE,100,,,,,,
,,,,,,,,,,,半径,NONE,NONE,NONE,NONE,NONE,
28010180,強制ワープ1（魔法陣発動時エフェクト用）,0,ENEMY,,0,0,,,,SPHERE,150,,,,,,
,,,,,,,,,,,半径,NONE,NONE,NONE,NONE,NONE,
28010181,強制ワープ1（魔法陣効果と振動）,0,ENEMY,,0,0,,,,SPHERE,1,,,,,,
,,,,,,,,,,,半径,NONE,NONE,NONE,NONE,NONE,
28010190,強制ワープ2（魔法陣発動時エフェクト用）,0,ENEMY,,0,0,,,,SPHERE,150,,,,,,
,,,,,,,,,,,半径,NONE,NONE,NONE,NONE,NONE,
28010191,強制ワープ2（魔法陣効果と振動）,0,ENEMY,,0,0,,,,SPHERE,1,,,,,,
,,,,,,,,,,,半径,NONE,NONE,NONE,NONE,NONE,
28010200,強制ワープ3（魔法陣発動時エフェクト用）外見のみ,0,ENEMY,,0,0,,,,SPHERE,150,,,,,,
,,,,,,,,,,,半径,NONE,NONE,NONE,NONE,NONE,
28010201,強制ワープ3（魔法陣効果と振動）外見のみ,0,ENEMY,,0,0,,,,SPHERE,1,,,,,,
,,,,,,,,,,,半径,NONE,NONE,NONE,NONE,NONE,
28010210,強制ワープ4（魔法陣発動時エフェクト用）外見のみ,0,ENEMY,,0,0,,,,SPHERE,150,,,,,,
,,,,,,,,,,,半径,NONE,NONE,NONE,NONE,NONE,
28010211,強制ワープ4（魔法陣効果と振動）外見のみ,0,ENEMY,,0,0,,,,SPHERE,1,,,,,,
,,,,,,,,,,,半径,NONE,NONE,NONE,NONE,NONE,
28010220,強制ワープ5（魔法陣発動時エフェクト用）外見のみ,0,ENEMY,,0,0,,,,SPHERE,150,,,,,,
,,,,,,,,,,,半径,NONE,NONE,NONE,NONE,NONE,
28010221,強制ワープ5（魔法陣効果と振動）外見のみ,0,ENEMY,,0,0,,,,SPHERE,1,,,,,,
,,,,,,,,,,,半径,NONE,NONE,NONE,NONE,NONE,
28010230,強制ワープ6（魔法陣発動時エフェクト用）外見のみ,0,ENEMY,,0,0,,,,SPHERE,150,,,,,,
,,,,,,,,,,,半径,NONE,NONE,NONE,NONE,NONE,
28010231,強制ワープ6（魔法陣効果と振動）外見のみ,0,ENEMY,,0,0,,,,SPHERE,1,,,,,,
,,,,,,,,,,,半径,NONE,NONE,NONE,NONE,NONE,
28010240,強制ワープ7（魔法陣発動時エフェクト用）外見のみ,0,ENEMY,,0,0,,,,SPHERE,150,,,,,,
,,,,,,,,,,,半径,NONE,NONE,NONE,NONE,NONE,
28010241,強制ワープ7（魔法陣効果と振動）外見のみ,0,ENEMY,,0,0,,,,SPHERE,1,,,,,,
,,,,,,,,,,,半径,NONE,NONE,NONE,NONE,NONE,
28010250,赤魔法陣外見のみ(2倍),0,ENEMY,,0,0,,,,SPHERE,150,,,,,,
,,,,,,,,,,,半径,NONE,NONE,NONE,NONE,NONE,
28010251,青魔法陣外見のみ(2倍),0,ENEMY,,0,0,,,,SPHERE,150,,,,,,
,,,,,,,,,,,半径,NONE,NONE,NONE,NONE,NONE,
28010252,赤魔法陣外見のみ(10倍),0,ENEMY,,0,0,,,,SPHERE,150,,,,,,
,,,,,,,,,,,半径,NONE,NONE,NONE,NONE,NONE,
28010253,青魔法陣外見のみ(10倍),0,ENEMY,,0,0,,,,SPHERE,150,,,,,,
,,,,,,,,,,,半径,NONE,NONE,NONE,NONE,NONE,
28010254,赤魔法陣外見のみ(20倍),0,ENEMY,,0,0,,,,SPHERE,150,,,,,,
,,,,,,,,,,,半径,NONE,NONE,NONE,NONE,NONE,
28010255,青魔法陣外見のみ(20倍),0,ENEMY,,0,0,,,,SPHERE,150,,,,,,
,,,,,,,,,,,半径,NONE,NONE,NONE,NONE,NONE,
28010260,移動速度上昇（魔法陣発動時エフェクト用）,0,ENEMY,,0,0,,,,SPHERE,150,,,,,,
,,,,,,,,,,,半径,NONE,NONE,NONE,NONE,NONE,
28010261,移動速度上昇（魔法陣効果と振動）,0,ENEMY,,0,0,,,,SPHERE,1,,,,,,
,,,,,,,,,,,半径,NONE,NONE,NONE,NONE,NONE,
28010270,無敵＋敵即死（魔法陣発動時エフェクト用）,0,ENEMY,,0,0,,,,SPHERE,150,,,,,,
,,,,,,,,,,,半径,NONE,NONE,NONE,NONE,NONE,
28010271,無敵＋敵即死（魔法陣効果）,0,ENEMY,,0,0,,,,SPHERE,1,,,,,,
,,,,,,,,,,,半径,NONE,NONE,NONE,NONE,NONE,
28010272,敵即死EO(ATTACH),0,ENEMY,,0,0,,1,,SPHERE,300,,,,,,
,,,,,,,,,,,半径,NONE,NONE,NONE,NONE,NONE,
28010280,OD全回復＋OD減少無し（魔法陣発動時エフェクト用）,0,ENEMY,,0,0,,,,SPHERE,150,,,,,,
,,,,,,,,,,,半径,NONE,NONE,NONE,NONE,NONE,
28010281,OD全回復＋OD減少無し（魔法陣効果と振動）,0,ENEMY,,0,0,,,,SPHERE,1,,,,,,
,,,,,,,,,,,半径,NONE,NONE,NONE,NONE,NONE,
28010290,HP10%回復（魔法陣発動時エフェクト用）,0,ENEMY,,0,0,,,,SPHERE,150,,,,,,
,,,,,,,,,,,半径,NONE,NONE,NONE,NONE,NONE,
28010291,HP10%回復（魔法陣効果と振動）,0,ENEMY,,0,0,,,,SPHERE,1,,,,,,
,,,,,,,,,,,半径,NONE,NONE,NONE,NONE,NONE,
28010301,沈黙+ダメージ（魔法陣発動時エフェクト用）,0,ENEMY,,0,0,,,,SPHERE,150,,,,,,
,,,,,,,,,,,半径,NONE,NONE,NONE,NONE,NONE,
28010302,沈黙+ダメージ（魔法陣効果と振動）,0,ENEMY,,0,0,,,,SPHERE,1,,,,,,
,,,,,,,,,,,半径,NONE,NONE,NONE,NONE,NONE,
28010303,沈黙+ダメージ（MOBアタリなし 魔法陣発動時エフェクト用）,0,ENEMY,,0,0,,,,SPHERE,150,,,,,,
,,,,,,,,,,,半径,NONE,NONE,NONE,NONE,NONE,
28010304,沈黙+ダメージ（MOBアタリなし 魔法陣効果と振動）,0,ENEMY,,0,0,,,,SPHERE,1,,,,,,
,,,,,,,,,,,半径,NONE,NONE,NONE,NONE,NONE,
28011001,フレイムサークル,1,ENEMY,,0,0,,,,SPHERE,300,,,,,,
,,,,,,,,,,,半径,NONE,NONE,NONE,NONE,NONE,
28011011,アイススプラッシュ,1,ENEMY,,0,0,,,,SPHERE,420,,,,,,
,,,,,,,,,,,半径,NONE,NONE,NONE,NONE,NONE,
28011021,ウィンドバースト,1,ENEMY,,0,0,,,,SPHERE,500,,,,,,
,,,,,,,,,,,半径,NONE,NONE,NONE,NONE,NONE,
28011031,ランドクラック,1,ENEMY,,0,0,,,,SPHERE,300,,,,,,
,,,,,,,,,,,半径,NONE,NONE,NONE,NONE,NONE,
28011041,ブロウエンド,1,ENEMY,,0,0,,,,SPHERE,500,,,,,,
,,,,,,,,,,,半径,NONE,NONE,NONE,NONE,NONE,
28012001,プリーストブラスター（魔法陣発動時エフェクト用）,0,ENEMY,,0,0,,,,SPHERE,150,,,,,,
,,,,,,,,,,,半径,NONE,NONE,NONE,NONE,NONE,
28012002,プリーストブラスター（魔法陣効果と振動）,0,ENEMY,,0,0,,,,SPHERE,1,,,,,,
,,,,,,,,,,,半径,NONE,NONE,NONE,NONE,NONE,
28012011,メイジブラスター（魔法陣発動時エフェクト用）,0,ENEMY,,0,0,,,,SPHERE,150,,,,,,
,,,,,,,,,,,半径,NONE,NONE,NONE,NONE,NONE,
28012012,メイジブラスター（魔法陣効果と振動）,0,ENEMY,,0,0,,,,SPHERE,1,,,,,,
,,,,,,,,,,,半径,NONE,NONE,NONE,NONE,NONE,
28013001,たらい(気絶),0,ALL,,0,0,,,,SPHERE,1,,,,,,
,,,,,,,,,,,半径,NONE,NONE,NONE,NONE,NONE,
31010001,カルコサス戦(鈍足),0,ALL,,0,0,,,,SPHERE,1000,,,,,,
,,,,,,,,,,,半径,NONE,NONE,NONE,NONE,NONE,
31010011,カルコサス戦(1%ダメージ),0,ALL,,0,0,,,,SPHERE,1000,,,,,,
,,,,,,,,,,,半径,NONE,NONE,NONE,NONE,NONE,
31010021,カルコサス戦(PCに毒),0,ENEMY,,0,0,,,,SPHERE,1000,,,,,,
,,,,,,,,,,,半径,NONE,NONE,NONE,NONE,NONE,
31010031,カルコサス戦(PCに沈黙),0,ENEMY,,0,0,,,,SPHERE,1000,,,,,,
,,,,,,,,,,,半径,NONE,NONE,NONE,NONE,NONE,
31010041,カルコサス戦(PCに鈍足),0,ENEMY,,0,0,,,,SPHERE,1000,,,,,,
,,,,,,,,,,,半径,NONE,NONE,NONE,NONE,NONE,
41010001,M.A.C(被物理最終ダメージ100%UPバフ),0,ALL,,0,0,,,,SPHERE,50000,,,,,,
,,,,,,,,,,,半径,NONE,NONE,NONE,NONE,NONE,
41010011,M.A.C(被魔法最終ダメージ100%UPバフ),0,ALL,,0,0,,,,SPHERE,50000,,,,,,
,,,,,,,,,,,半径,NONE,NONE,NONE,NONE,NONE,
41010021,M.A.C(被物魔最終ダメージ100%UPバフ),0,ALL,,0,0,,,,SPHERE,50000,,,,,,
,,,,,,,,,,,半径,NONE,NONE,NONE,NONE,NONE,
42010001,M.A.C(割合ダメージ発動),0,ALL,,0,0,,,,SPHERE,50000,,,,,,
,,,,,,,,,,,半径,NONE,NONE,NONE,NONE,NONE,
42010002,M.A.C(割合ダメージ発生),0,ALL,,0,0,,,,SPHERE,1,,,,,,
,,,,,,,,,,,半径,NONE,NONE,NONE,NONE,NONE,
80000011,MAP常設キャンプ,0,ALL,,0,0,,,,SPHERE,260,,,,,,
,,,,,,,,,,,半径,NONE,NONE,NONE,NONE,NONE,
80000021,○エリア,0,ALL,,0,0,,,,SPHERE,260,,,,,,
,,,,,,,,,,,半径,NONE,NONE,NONE,NONE,NONE,
80000031,×エリア,0,ALL,,0,0,,,,SPHERE,260,,,,,,
,,,,,,,,,,,半径,NONE,NONE,NONE,NONE,NONE,
80000041,△エリア,0,ALL,,0,0,,,,SPHERE,260,,,,,,
,,,,,,,,,,,幅,奥行き,高さ,オフセット(幅),オフセット(奥行き),オフセット(高さ),
80000051,提灯エリア１,0,ALL,,0,0,,,,BOX,130,130,500,,,,
,,,,,,,,,,,幅,奥行き,高さ,オフセット(幅),オフセット(奥行き),オフセット(高さ),
80000052,提灯エリア２,0,ALL,,0,0,,,,BOX,130,130,500,,,,
,,,,,,,,,,,半径,NONE,NONE,NONE,NONE,NONE,
90000011,テスト高圧電線トラップ,0,ENEMY,,0,0,,,,SPHERE,200,,,,,,
,,,,,,,,,,,半径,NONE,NONE,NONE,NONE,NONE,
90000021,テスト警報トラップ,0,ENEMY,,0,0,,,,SPHERE,3000,,,,,,
,,,,,,,,,,,半径,NONE,NONE,NONE,NONE,NONE,
90000022,テスト警報トラップその2,0,ENEMY,,0,0,,,,SPHERE,3000,,,,,,
,,,,,,,,,,,半径,NONE,NONE,NONE,NONE,NONE,
90000031,テストマジックドレイントラップ,0,ENEMY,,0,0,,,,SPHERE,500,,,,,,
,,,,,,,,,,,半径,NONE,NONE,NONE,NONE,NONE,
90000061,テストノックバックトラップ,0,ENEMY,,0,0,,,,SPHERE,40,,,,,,
,,,,,,,,,,,半径,NONE,NONE,NONE,NONE,NONE,
90000041,調べられるオブジェクトエフェクト,0,ENEMY,,0,0,,,,SPHERE,10,,,,,,
,,,,,,,,,,,半径,NONE,NONE,NONE,NONE,NONE,
90000051,毒ガス床待機時再生用エフェクト,0,ENEMY,,0,0,,,,SPHERE,10,,,,,,
,,,,,,,,,,,半径,NONE,NONE,NONE,NONE,NONE,
90000052,炎上床待機時再生用エフェクト,0,ENEMY,,0,0,,,,SPHERE,10,,,,,,
,,,,,,,,,,,半径,NONE,NONE,NONE,NONE,NONE,
90000071,地雷エフェクト,6,ENEMY,,0,0,,,,SPHERE,10,,,,,,
,,,,,,,,,,,半径,NONE,NONE,NONE,NONE,NONE,
90000072,警報トラップ,0,ENEMY,,0,0,,,,SPHERE,1,,,,,,
,,,,,,,,,,,幅,奥行き,高さ,オフセット(幅),オフセット(奥行き),オフセット(高さ),
90000081,飛び出す突起物テスト用エフェクト,0,ENEMY,,0,0,,,,BOX,50,150,200,,,,
#Easy,,,,,,,,,,,半径,NONE,NONE,NONE,NONE,NONE,
200991101,宝箱解除成功,0,ENEMY,,0,0,,,,SPHERE,10,,,,,,
,,,,,,,,,,,半径,NONE,NONE,NONE,NONE,NONE,
210000041,炎,2,ENEMY,,0,0,,,,SPHERE,140,,,,,,
,,,,,,,,,,,半径,NONE,NONE,NONE,NONE,NONE,
210000042,宴の炎,2,ENEMY,,0,0,,,,SPHERE,10,,,,,,
,,,,,,,,,,,半径,NONE,NONE,NONE,NONE,NONE,
210000043,炎,2,ENEMY,,0,0,,,,SPHERE,140,,,,,,
,,,,,,,,,,,半径,NONE,NONE,NONE,NONE,NONE,
210000044,炎,2,ENEMY,,0,0,,,,SPHERE,140,,,,,,
,,,,,,,,,,,半径,NONE,NONE,NONE,NONE,NONE,
210000045,床炎,2,ENEMY,,0,0,,,,SPHERE,140,,,,,,
,,,,,,,,,,,半径,NONE,NONE,NONE,NONE,NONE,
210000051,地雷,3,ENEMY,,0,0,,,,SPHERE,500,,,,,,
,,,,,,,,,,,半径,NONE,NONE,NONE,NONE,NONE,
210000052,処刑装置,6,ENEMY,,0,0,,,,SPHERE,800,,,,,,
,,,,,,,,,,,半径,NONE,NONE,NONE,NONE,NONE,
210000053,地雷,6,ENEMY,,0,0,,,,SPHERE,800,,,,,,
,,,,,,,,,,,半径,NONE,NONE,NONE,NONE,NONE,
210000061,毒ガス（床）,0,ENEMY,,0,0,,,,SPHERE,500,,,,,,
,,,,,,,,,,,半径,NONE,NONE,NONE,NONE,NONE,
210000062,毒ガス（床：効果大）,0,ENEMY,,0,0,,,,SPHERE,500,,,,,,
,,,,,,,,,,,半径,NONE,NONE,NONE,NONE,NONE,
210000071,矢,4,ENEMY,,0,0,,,,SPHERE,200,,,,,,
,,,,,,,,,,,半径,NONE,NONE,NONE,NONE,NONE,
210000072,毒矢,4,ENEMY,,0,0,,,,SPHERE,200,,,,,,
,,,,,,,,,,,半径,NONE,NONE,NONE,NONE,NONE,
210000073,麻痺矢,4,ENEMY,,0,0,,,,SPHERE,200,,,,,,
,,,,,,,,,,,半径,NONE,NONE,NONE,NONE,NONE,
210000074,睡眠矢,4,ENEMY,,0,0,,,,SPHERE,200,,,,,,
,,,,,,,,,,,半径,NONE,NONE,NONE,NONE,NONE,
210000081,落石,1,ENEMY,,0,0,,,,SPHERE,200,,,,,,
,,,,,,,,,,,半径,NONE,NONE,NONE,NONE,NONE,
210000082,落石,1,ENEMY,,0,0,,,,SPHERE,200,,,,,,
,,,,,,,,,,,半径,NONE,NONE,NONE,NONE,NONE,
210000091,毒ガス小（床）,0,ENEMY,,0,0,,,,SPHERE,200,,,,,,
,,,,,,,,,,,半径,NONE,NONE,NONE,NONE,NONE,
210000092,コンディション下げガス,0,ENEMY,,0,0,,,,SPHERE,200,,,,,,
,,,,,,,,,,,半径,NONE,NONE,NONE,NONE,NONE,
210000101,睡眠ガス小（床）,0,ENEMY,,0,0,,,,SPHERE,180,,,,,,
,,,,,,,,,,,半径,NONE,NONE,NONE,NONE,NONE,
210000102,睡眠ガス大（床）,0,ENEMY,,0,0,,,,SPHERE,400,,,,,,
,,,,,,,,,,,半径,NONE,NONE,NONE,NONE,NONE,
210000111,石化ガス小（床）,0,ENEMY,,0,0,,,,SPHERE,180,,,,,,
,,,,,,,,,,,半径,NONE,NONE,NONE,NONE,NONE,
210000112,石化ガス大（床）,0,ENEMY,,0,0,,,,SPHERE,400,,,,,,
,,,,,,,,,,,半径,NONE,NONE,NONE,NONE,NONE,
210000121,テレポーター,0,ENEMY,,0,0,,,,SPHERE,500,,,,,,
,,,,,,,,,,,幅,奥行き,高さ,オフセット(幅),オフセット(奥行き),オフセット(高さ),
210000131,即死ガス（蒼の洞窟用）,0,ENEMY,,0,0,,,,BOX,1350,1350,50,,,,
,,,,,,,,,,,幅,奥行き,高さ,オフセット(幅),オフセット(奥行き),オフセット(高さ),
210000141,ヘイト-100%（ミスカトニック用）,0,ALL,,0,0,,,,BOX,1250,1250,800,,,,
,,,,,,,,,,,半径,NONE,NONE,NONE,NONE,NONE,
210000200,間欠泉土台（火：洞窟汎用）,0,ENEMY,,0,0,,,,SPHERE,1,,,,,,
,,,,,,,,,,,半径,NONE,NONE,NONE,NONE,NONE,
210000201,間欠泉土台（睡眠：洞窟汎用）,0,ENEMY,,0,0,,,,SPHERE,1,,,,,,
,,,,,,,,,,,半径,NONE,NONE,NONE,NONE,NONE,
210000202,間欠泉土台（麻痺：洞窟汎用）,0,ENEMY,,0,0,,,,SPHERE,1,,,,,,
,,,,,,,,,,,半径,NONE,NONE,NONE,NONE,NONE,
210000203,間欠泉土台（毒：洞窟汎用）,0,ENEMY,,0,0,,,,SPHERE,1,,,,,,
,,,,,,,,,,,半径,NONE,NONE,NONE,NONE,NONE,
210000204,間欠泉土台（耐久度低下：洞窟汎用）,0,ENEMY,,0,0,,,,SPHERE,1,,,,,,
,,,,,,,,,,,半径,NONE,NONE,NONE,NONE,NONE,
210000205,間欠泉土台（暗闇：洞窟汎用）,0,ENEMY,,0,0,,,,SPHERE,1,,,,,,
,,,,,,,,,,,半径,NONE,NONE,NONE,NONE,NONE,
210000211,間欠泉（火ダメ）,0,ENEMY,,0,0,,,,SPHERE,100,,,,,,
,,,,,,,,,,,半径,NONE,NONE,NONE,NONE,NONE,
210000221,間欠泉（ダメージ＋睡眠）,0,ENEMY,,0,0,,,,SPHERE,100,,,,,,
,,,,,,,,,,,半径,NONE,NONE,NONE,NONE,NONE,
210000231,間欠泉（ダメージ＋麻痺）,0,ENEMY,,0,0,,,,SPHERE,100,,,,,,
,,,,,,,,,,,半径,NONE,NONE,NONE,NONE,NONE,
210000241,間欠泉（ダメージ＋毒＋移動速度低下）,0,ENEMY,,0,0,,,,SPHERE,100,,,,,,
,,,,,,,,,,,半径,NONE,NONE,NONE,NONE,NONE,
210000251,間欠泉（ダメージ＋装備耐久度低下）,0,ENEMY,,0,0,,,,SPHERE,100,,,,,,
,,,,,,,,,,,半径,NONE,NONE,NONE,NONE,NONE,
210000261,間欠泉（ダメージ＋暗闇）,0,ENEMY,,0,0,,,,SPHERE,100,,,,,,
,,,,,,,,,,,半径,NONE,NONE,NONE,NONE,NONE,
221010031,爆弾箱,5,ENEMY,,0,0,,,,SPHERE,300,,,,,,
,,,,,,,,,,,半径,NONE,NONE,NONE,NONE,NONE,
221010041,削岩地雷爆弾,1,ENEMY,,0,0,,,,SPHERE,300,,,,,,
,,,,,,,,,,,半径,NONE,NONE,NONE,NONE,NONE,
221010051,宝箱型スイッチ,0,ENEMY,,0,0,,,,SPHERE,300,,,,,,
,,,,,,,,,,,半径,NONE,NONE,NONE,NONE,NONE,
221010052,宝箱型スイッチ(導火線),0,ENEMY,,0,0,,,,SPHERE,300,,,,,,
,,,,,,,,,,,半径,NONE,NONE,NONE,NONE,NONE,
223010011,毒ガス(宝箱),0,ENEMY,,0,0,,,,SPHERE,500,,,,,,
,,,,,,,,,,,半径,NONE,NONE,NONE,NONE,NONE,
223010012,猛毒ガス(宝箱),0,ENEMY,,0,0,,,,SPHERE,600,,,,,,
,,,,,,,,,,,半径,NONE,NONE,NONE,NONE,NONE,
223010015,高圧電線（宝箱）,0,ENEMY,,0,0,,,,SPHERE,50,,,,,,
,,,,,,,,,,,半径,NONE,NONE,NONE,NONE,NONE,
223010016,高圧電線（処刑用）,0,ENEMY,,0,0,,,,SPHERE,300,,,,,,
,,,,,,,,,,,半径,NONE,NONE,NONE,NONE,NONE,
223010017,警報（宝箱）,0,ENEMY,,0,0,,,,SPHERE,3000,,,,,,
,,,,,,,,,,,半径,NONE,NONE,NONE,NONE,NONE,
223010018,マジックドレイン（宝箱）,0,ENEMY,,0,0,,,,SPHERE,500,,,,,,
,,,,,,,,,,,半径,NONE,NONE,NONE,NONE,NONE,
223010019,睡眠ガス（宝箱）,0,ENEMY,,0,0,,,,SPHERE,480,,,,,,
,,,,,,,,,,,半径,NONE,NONE,NONE,NONE,NONE,
223010020,睡眠ガス（宝箱・MOBアタリ無）,0,ENEMY,,0,0,,,,SPHERE,480,,,,,,
,,,,,,,,,,,半径,NONE,NONE,NONE,NONE,NONE,
223010021,毒ガス(宝箱・MOBアタリ無）,0,ENEMY,,0,0,,,,SPHERE,500,,,,,,
,,,,,,,,,,,半径,NONE,NONE,NONE,NONE,NONE,
223010022,猛毒ガス(宝箱・MOBアタリ無）,0,ENEMY,,0,0,,,,SPHERE,600,,,,,,
,,,,,,,,,,,半径,NONE,NONE,NONE,NONE,NONE,
223010023,高圧電線（宝箱・MOBアタリ無）,0,ENEMY,,0,0,,,,SPHERE,50,,,,,,
,,,,,,,,,,,半径,NONE,NONE,NONE,NONE,NONE,
224010031,トラップドア,5,ENEMY,,0,0,,,,SPHERE,200,,,,,,
,,,,,,,,,,,半径,NONE,NONE,NONE,NONE,NONE,
224020011,上下扉（地下水道）,5,ENEMY,,0,0,,,,SPHERE,200,,,,,,
,,,,,,,,,,,半径,NONE,NONE,NONE,NONE,NONE,
225010011,火炎弾,1,ENEMY,,0,0,,,,SPHERE,30,,,,,,
,,,,,,,,,,,幅,奥行き,高さ,オフセット(幅),オフセット(奥行き),オフセット(高さ),
225010012,大火炎弾,1,ENEMY,,0,0,,,,BOX,730,140,400,0,60,100,
,,,,,,,,,,,半径,NONE,NONE,NONE,NONE,NONE,
225010013,水冷弾,1,ENEMY,,0,0,,,,SPHERE,50,,,,,,
,,,,,,,,,,,半径,NONE,NONE,NONE,NONE,NONE,
225010014,水冷弾,1,ENEMY,,0,0,,,,SPHERE,50,,,,,,
,,,,,,,,,,,半径,NONE,NONE,NONE,NONE,NONE,
225010015,大落雷,1,ENEMY,,0,0,,,,SPHERE,1000,,,,,,
,,,,,,,,,,,幅,奥行き,高さ,オフセット(幅),オフセット(奥行き),オフセット(高さ),
225010016,大火炎弾,1,ENEMY,,0,0,,,,BOX,1105,500,300,0,300,95,
,,,,,,,,,,,半径,NONE,NONE,NONE,NONE,NONE,
225010017,暗黒弾,1,ENEMY,,0,0,,,,SPHERE,20,,,,,,
,,,,,,,,,,,幅,奥行き,高さ,オフセット(幅),オフセット(奥行き),オフセット(高さ),
225010021,火炎放射（石像）,0,ENEMY,,0,0,,,,BOX,100,450,160,0,-225,0,
,,,,,,,,,,,幅,奥行き,高さ,オフセット(幅),オフセット(奥行き),オフセット(高さ),
225010022,火炎放射（モブアタリ無し）,0,ENEMY,,0,0,,,,BOX,100,325,160,0,-175,0,
,,,,,,,,,,,幅,奥行き,高さ,オフセット(幅),オフセット(奥行き),オフセット(高さ),
225010023,火炎放射（属性ダメージ）,0,ENEMY,,0,0,,,,BOX,100,450,100,0,-225,30,
,,,,,,,,,,,幅,奥行き,高さ,オフセット(幅),オフセット(奥行き),オフセット(高さ),
225010024,火炎放射（石像 MOBアタリ無し）,0,ENEMY,,0,0,,,,BOX,100,450,160,0,-225,0,
,,,,,,,,,,,半径,NONE,NONE,NONE,NONE,NONE,
225010041,扇形火炎弾,0,ENEMY,,0,0,,,,SPHERE,30,,,,,,
,,,,,,,,,,,幅,奥行き,高さ,オフセット(幅),オフセット(奥行き),オフセット(高さ),
225010071,火炎放射（直線）,0,ENEMY,,0,0,,,,BOX,70,200,60,0,-100,0,
,,,,,,,,,,,幅,奥行き,高さ,オフセット(幅),オフセット(奥行き),オフセット(高さ),
225010072,火炎放射（直線/モブアタリ無し）,0,ENEMY,,0,0,,,,BOX,70,200,60,0,-100,0,
,,,,,,,,,,,半径,NONE,NONE,NONE,NONE,NONE,
225010073,魔力炉暴走,0,ENEMY,,0,0,,,,SPHERE,300,,,,,,
,,,,,,,,,,,半径,NONE,NONE,NONE,NONE,NONE,
225010081,火炎弾,1,ENEMY,,0,0,,,,SPHERE,20,,,,,,
,,,,,,,,,,,半径,NONE,NONE,NONE,NONE,NONE,
225010082,氷結弾,1,ENEMY,,0,0,,,,SPHERE,20,,,,,,
,,,,,,,,,,,半径,NONE,NONE,NONE,NONE,NONE,
225010083,旋風弾,1,ENEMY,,0,0,,,,SPHERE,20,,,,,,
,,,,,,,,,,,半径,NONE,NONE,NONE,NONE,NONE,
225010084,土流弾,1,ENEMY,,0,0,,,,SPHERE,20,,,,,,
,,,,,,,,,,,半径,NONE,NONE,NONE,NONE,NONE,
225020011,テスト振り子鎌,0,ENEMY,,0,0,,,,SPHERE,100,,,,,,
,,,,,,,,,,,幅,奥行き,高さ,オフセット(幅),オフセット(奥行き),オフセット(高さ),
226010011,壁から飛び出す槍,0,ENEMY,,0,0,,,,BOX,50,200,160,,,,
,,,,,,,,,,,幅,奥行き,高さ,オフセット(幅),オフセット(奥行き),オフセット(高さ),
226010012,壁から飛び出す槍(大),0,ENEMY,,0,0,,,,BOX,50,200,160,,-100,,
,,,,,,,,,,,幅,奥行き,高さ,オフセット(幅),オフセット(奥行き),オフセット(高さ),
226010013,壁から飛び出す槍(ロッドハーディー用),0,ENEMY,,0,0,,,,BOX,80,600,320,,-100,,
,,,,,,,,,,,幅,奥行き,高さ,オフセット(幅),オフセット(奥行き),オフセット(高さ),
226010021,床から飛び出す槍,0,ENEMY,,0,0,,,,BOX,100,100,100,,,,
,,,,,,,,,,,幅,奥行き,高さ,オフセット(幅),オフセット(奥行き),オフセット(高さ),
226010022,床から飛び出す槍(プレイヤーのみ),0,ENEMY,,0,0,,,,BOX,100,100,100,,,,
,,,,,,,,,,,幅,奥行き,高さ,オフセット(幅),オフセット(奥行き),オフセット(高さ),
226010023,床から飛び出す槍(忘却の寺院トラップドア),0,ENEMY,,0,0,,,,BOX,100,100,100,,,,
,,,,,,,,,,,幅,奥行き,高さ,オフセット(幅),オフセット(奥行き),オフセット(高さ),
226010024,床から飛び出す槍(ロッドハーディー用),0,ENEMY,,0,0,,,,BOX,400,170,200,,,-75,
,,,,,,,,,,,半径,NONE,NONE,NONE,NONE,NONE,
227010071,放電床,0,ENEMY,,0,0,,,,SPHERE,160,,,,,,
,,,,,,,,,,,半径,NONE,NONE,NONE,NONE,NONE,
227010081,落雷,1,ENEMY,,0,0,,,,SPHERE,160,,,,,,
,,,,,,,,,,,半径,NONE,NONE,NONE,NONE,NONE,
228010010,マジックドレイン（魔法陣発動時エフェクト用）,0,ENEMY,,0,0,,,,SPHERE,150,,,,,,
,,,,,,,,,,,半径,NONE,NONE,NONE,NONE,NONE,
228010011,マジックドレイン（魔法陣効果と振動）,0,ENEMY,,0,0,,,,SPHERE,1,,,,,,
,,,,,,,,,,,半径,NONE,NONE,NONE,NONE,NONE,
228010020,石化（魔法陣発動時エフェクト用）,0,ENEMY,,0,0,,,,SPHERE,150,,,,,,
,,,,,,,,,,,半径,NONE,NONE,NONE,NONE,NONE,
228010021,石化（魔法陣効果と振動）,0,ENEMY,,0,0,,,,SPHERE,1,,,,,,
,,,,,,,,,,,半径,NONE,NONE,NONE,NONE,NONE,
228010022,石化+ダメージ（魔法陣発動時エフェクト用）,0,ENEMY,,0,0,,,,SPHERE,150,,,,,,
,,,,,,,,,,,半径,NONE,NONE,NONE,NONE,NONE,
228010023,石化+ダメージ（魔法陣効果と振動）,0,ENEMY,,0,0,,,,SPHERE,1,,,,,,
,,,,,,,,,,,半径,NONE,NONE,NONE,NONE,NONE,
228010024,石化（魔法陣発動時エフェクト用）,0,ENEMY,,0,0,,,,SPHERE,150,,,,,,
,,,,,,,,,,,半径,NONE,NONE,NONE,NONE,NONE,
228010025,石化（魔法陣効果と振動）,0,ENEMY,,0,0,,,,SPHERE,1,,,,,,
,,,,,,,,,,,半径,NONE,NONE,NONE,NONE,NONE,
228010030,恐怖（魔法陣発動時エフェクト用）,0,ENEMY,,0,0,,,,SPHERE,150,,,,,,
,,,,,,,,,,,半径,NONE,NONE,NONE,NONE,NONE,
228010031,恐怖（魔法陣効果と振動）,0,ENEMY,,0,0,,,,SPHERE,1,,,,,,
,,,,,,,,,,,半径,NONE,NONE,NONE,NONE,NONE,
228010032,恐怖+ダメージ（魔法陣発動時エフェクト用）,0,ENEMY,,0,0,,,,SPHERE,150,,,,,,
,,,,,,,,,,,半径,NONE,NONE,NONE,NONE,NONE,
228010033,恐怖+ダメージ（魔法陣効果と振動）,0,ENEMY,,0,0,,,,SPHERE,1,,,,,,
,,,,,,,,,,,半径,NONE,NONE,NONE,NONE,NONE,
228010040,睡眠（魔法陣発動時エフェクト用）,0,ENEMY,,0,0,,,,SPHERE,150,,,,,,
,,,,,,,,,,,半径,NONE,NONE,NONE,NONE,NONE,
228010041,睡眠（魔法陣効果と振動）,0,ENEMY,,0,0,,,,SPHERE,1,,,,,,
,,,,,,,,,,,半径,NONE,NONE,NONE,NONE,NONE,
228010042,睡眠+ダメージ（魔法陣発動時エフェクト用）,0,ENEMY,,0,0,,,,SPHERE,150,,,,,,
,,,,,,,,,,,半径,NONE,NONE,NONE,NONE,NONE,
228010043,睡眠+ダメージ（魔法陣効果と振動）,0,ENEMY,,0,0,,,,SPHERE,1,,,,,,
,,,,,,,,,,,半径,NONE,NONE,NONE,NONE,NONE,
228010044,睡眠（魔法陣発動時エフェクト用）,0,ENEMY,,0,0,,,,SPHERE,150,,,,,,
,,,,,,,,,,,半径,NONE,NONE,NONE,NONE,NONE,
228010045,睡眠（魔法陣効果と振動）,0,ENEMY,,0,0,,,,SPHERE,1,,,,,,
,,,,,,,,,,,半径,NONE,NONE,NONE,NONE,NONE,
228010050,麻痺（魔法陣発動時エフェクト用）,0,ENEMY,,0,0,,,,SPHERE,150,,,,,,
,,,,,,,,,,,半径,NONE,NONE,NONE,NONE,NONE,
228010051,麻痺（魔法陣効果と振動）,0,ENEMY,,0,0,,,,SPHERE,1,,,,,,
,,,,,,,,,,,半径,NONE,NONE,NONE,NONE,NONE,
228010052,麻痺+ダメージ（魔法陣発動時エフェクト用）,0,ENEMY,,0,0,,,,SPHERE,150,,,,,,
,,,,,,,,,,,半径,NONE,NONE,NONE,NONE,NONE,
228010053,麻痺+ダメージ（魔法陣効果と振動）,0,ENEMY,,0,0,,,,SPHERE,1,,,,,,
,,,,,,,,,,,半径,NONE,NONE,NONE,NONE,NONE,
228010060,毒（魔法陣発動時エフェクト用）,0,ENEMY,,0,0,,,,SPHERE,150,,,,,,
,,,,,,,,,,,半径,NONE,NONE,NONE,NONE,NONE,
228010061,毒（魔法陣効果と振動）,0,ENEMY,,0,0,,,,SPHERE,1,,,,,,
,,,,,,,,,,,半径,NONE,NONE,NONE,NONE,NONE,
228010062,毒+ダメージ（魔法陣発動時エフェクト用）,0,ENEMY,,0,0,,,,SPHERE,150,,,,,,
,,,,,,,,,,,半径,NONE,NONE,NONE,NONE,NONE,
228010063,毒+ダメージ（魔法陣効果と振動）,0,ENEMY,,0,0,,,,SPHERE,1,,,,,,
,,,,,,,,,,,半径,NONE,NONE,NONE,NONE,NONE,
228010064,毒（魔法陣発動時エフェクト用）,0,ENEMY,,0,0,,,,SPHERE,150,,,,,,
,,,,,,,,,,,半径,NONE,NONE,NONE,NONE,NONE,
228010065,毒（魔法陣効果と振動）,0,ENEMY,,0,0,,,,SPHERE,1,,,,,,
,,,,,,,,,,,半径,NONE,NONE,NONE,NONE,NONE,
228010070,鈍足-40%（魔法陣発動時エフェクト用）,0,ENEMY,,0,0,,,,SPHERE,150,,,,,,
,,,,,,,,,,,半径,NONE,NONE,NONE,NONE,NONE,
228010071,鈍足-40%（魔法陣効果と振動）,0,ENEMY,,0,0,,,,SPHERE,1,,,,,,
,,,,,,,,,,,半径,NONE,NONE,NONE,NONE,NONE,
228010072,鈍足-40%+ダメージ（魔法陣発動時エフェクト用）,0,ENEMY,,0,0,,,,SPHERE,150,,,,,,
,,,,,,,,,,,半径,NONE,NONE,NONE,NONE,NONE,
228010073,鈍足-40%+ダメージ（魔法陣効果と振動）,0,ENEMY,,0,0,,,,SPHERE,1,,,,,,
,,,,,,,,,,,半径,NONE,NONE,NONE,NONE,NONE,
228010100,爆発（魔法陣発動時エフェクト用）,0,ENEMY,,0,0,,,,SPHERE,150,,,,,,
,,,,,,,,,,,半径,NONE,NONE,NONE,NONE,NONE,
228010101,爆発（魔法陣効果と振動）,0,ENEMY,,0,0,,,,SPHERE,1,,,,,,
,,,,,,,,,,,半径,NONE,NONE,NONE,NONE,NONE,
228010110,即死（魔法陣発動時エフェクト用）,0,ENEMY,,0,0,,,,SPHERE,150,,,,,,
,,,,,,,,,,,半径,NONE,NONE,NONE,NONE,NONE,
228010111,即死（魔法陣効果と振動）,0,ENEMY,,0,0,,,,SPHERE,1,,,,,,
,,,,,,,,,,,半径,NONE,NONE,NONE,NONE,NONE,
228010120,気絶（魔法陣発動時エフェクト用）,0,ENEMY,,0,0,,,,SPHERE,150,,,,,,
,,,,,,,,,,,半径,NONE,NONE,NONE,NONE,NONE,
228010121,気絶（魔法陣効果と振動）,0,ENEMY,,0,0,,,,SPHERE,1,,,,,,
,,,,,,,,,,,半径,NONE,NONE,NONE,NONE,NONE,
228010130,暗闇（魔法陣発動時エフェクト用）,0,ENEMY,,0,0,,,,SPHERE,150,,,,,,
,,,,,,,,,,,半径,NONE,NONE,NONE,NONE,NONE,
228010131,暗闇（魔法陣効果と振動）,0,ENEMY,,0,0,,,,SPHERE,1,,,,,,
,,,,,,,,,,,半径,NONE,NONE,NONE,NONE,NONE,
228010140,狂気の渦（魔法陣発動時エフェクト用）,0,ENEMY,,0,0,,,,SPHERE,150,,,,,,
,,,,,,,,,,,半径,NONE,NONE,NONE,NONE,NONE,
228010141,狂気の渦（魔法陣効果と振動）,0,ENEMY,,0,0,,,,SPHERE,1,,,,,,
,,,,,,,,,,,半径,NONE,NONE,NONE,NONE,NONE,
228010150,空腹の呪い（魔法陣発動時エフェクト用）,0,ENEMY,,0,0,,,,SPHERE,150,,,,,,
,,,,,,,,,,,半径,NONE,NONE,NONE,NONE,NONE,
228010151,空腹の呪い（魔法陣効果と振動）,0,ENEMY,,0,0,,,,SPHERE,1,,,,,,
,,,,,,,,,,,半径,NONE,NONE,NONE,NONE,NONE,
228010160,ノックバック+ダメージ（魔法陣発動時エフェクト用）,0,ENEMY,,0,0,,,,SPHERE,150,,,,,,
,,,,,,,,,,,半径,NONE,NONE,NONE,NONE,NONE,
228010161,ノックバック+ダメージ（魔法陣効果と振動）,0,ENEMY,,0,0,,1,,SPHERE,100,,,,,,
,,,,,,,,,,,半径,NONE,NONE,NONE,NONE,NONE,
228010170,狂気ガス(土台),0,ENEMY,,0,0,,,,SPHERE,1,,,,,,
,,,,,,,,,,,半径,NONE,NONE,NONE,NONE,NONE,
228010171,狂気ガス(効果),0,ENEMY,,0,0,,,,SPHERE,100,,,,,,
,,,,,,,,,,,半径,NONE,NONE,NONE,NONE,NONE,
228010180,強制ワープ1（魔法陣発動時エフェクト用）,0,ENEMY,,0,0,,,,SPHERE,150,,,,,,
,,,,,,,,,,,半径,NONE,NONE,NONE,NONE,NONE,
228010181,強制ワープ1（魔法陣効果と振動）,0,ENEMY,,0,0,,,,SPHERE,1,,,,,,
,,,,,,,,,,,半径,NONE,NONE,NONE,NONE,NONE,
228010190,強制ワープ2（魔法陣発動時エフェクト用）,0,ENEMY,,0,0,,,,SPHERE,150,,,,,,
,,,,,,,,,,,半径,NONE,NONE,NONE,NONE,NONE,
228010191,強制ワープ2（魔法陣効果と振動）,0,ENEMY,,0,0,,,,SPHERE,1,,,,,,
,,,,,,,,,,,半径,NONE,NONE,NONE,NONE,NONE,
228010200,強制ワープ3（魔法陣発動時エフェクト用）外見のみ,0,ENEMY,,0,0,,,,SPHERE,150,,,,,,
,,,,,,,,,,,半径,NONE,NONE,NONE,NONE,NONE,
228010201,強制ワープ3（魔法陣効果と振動）外見のみ,0,ENEMY,,0,0,,,,SPHERE,1,,,,,,
,,,,,,,,,,,半径,NONE,NONE,NONE,NONE,NONE,
228011001,フレイムサークル,1,ENEMY,,0,0,,,,SPHERE,300,,,,,,
,,,,,,,,,,,半径,NONE,NONE,NONE,NONE,NONE,
228011011,アイススプラッシュ,1,ENEMY,,0,0,,,,SPHERE,420,,,,,,
,,,,,,,,,,,半径,NONE,NONE,NONE,NONE,NONE,
228011021,ウィンドバースト,1,ENEMY,,0,0,,,,SPHERE,500,,,,,,
,,,,,,,,,,,半径,NONE,NONE,NONE,NONE,NONE,
228011031,ランドクラック,1,ENEMY,,0,0,,,,SPHERE,300,,,,,,
,,,,,,,,,,,半径,NONE,NONE,NONE,NONE,NONE,
231010001,カルコサス戦(鈍足),0,ALL,,0,0,,,,SPHERE,1000,,,,,,
,,,,,,,,,,,半径,NONE,NONE,NONE,NONE,NONE,
231010011,カルコサス戦(1%ダメージ),0,ALL,,0,0,,,,SPHERE,1000,,,,,,
,,,,,,,,,,,半径,NONE,NONE,NONE,NONE,NONE,
231010021,カルコサス戦(PCに毒),0,ENEMY,,0,0,,,,SPHERE,1000,,,,,,
,,,,,,,,,,,半径,NONE,NONE,NONE,NONE,NONE,
231010031,カルコサス戦(PCに沈黙),0,ENEMY,,0,0,,,,SPHERE,1000,,,,,,
,,,,,,,,,,,半径,NONE,NONE,NONE,NONE,NONE,
231010041,カルコサス戦(PCに鈍足),0,ENEMY,,0,0,,,,SPHERE,1000,,,,,,
,,,,,,,,,,,,,,,,,
,,,,,,,,,,,,,,,,,
,,,,,,,,,,,,,,,,,
