#個体情報,,,分類,エフェクトID,アクティブ時エフェクトID,非アクティブ時エフェクトID,ネームプレート種別変更,アクティブ時モデル切替,スキル用,,,モデル読み込み中,
#serialid,モンスター名,通り名,catalogID,,,,,,SkillAttackID,レベル,CM(FOE),テクスチャタイプ,
#,
#,１２３４５６７８９10,
#シーフ,

10101,Highwayman,,10101,,,,,,10101,3,0,1,
10102,Highwayman,,10102,,,,,,10101,12,0,1,
10103,Burglar,,10103,,,,,,10101,9,0,1,
10104,Rogue,,10104,,,,,,10101,9,0,1,
10105,Bushwhacker,,10105,,,,,,10101,22,0,1,
10106,Rogue,Fire Cracker Member,10106,,,,,,10101,7,0,1,
10107,Highwayman,The Junk Metal member,10107,,,,,,10101,7,0,1,
10108,Rookie Scout,Black Rose Clan Member,10108,,,,,,10101,2,0,1,
10109,Rookie Scout,Black Rose Clan Member,10108,,,,,,10101,3,0,1,
10110,Rookie Watchman,Black Rose Clan Member,10110,,,,,,10101,5,0,1,
10111,Crypt Raider,,10111,,,,,,10101,27,0,1,
10112,Veteran Thief,,10112,,,,,,10101,22,0,1,
10401,Mad Jasmine,Black Rose Clan Member,10401,,,,,,10101,4,0,1,
10402,Dandelion,Black Rose Clan Member,10402,,,,,,10101,4,0,1,
10403,Crazy Lilac,Black Rose Clan Member,10403,,,,,,10101,4,0,1,
10404,Hungry Pansy,Black Rose Clan Member,10404,,,,,,10101,4,0,1,
10501,Dummy Doll,,10501,,,,,,10101,1,0,1,
10151,Stininus,,10151,,,,,,10101,23,0,1,
10301,Zeld the 13th,Thief,10301,,,,,,10101,11,0,1,
10302,Mickey,,10302,,,,,,10102,25,0,1,
10901,Guard-Only Thief,,10101,,,,,,10101,3,0,1,
10902,Blood-Seeker,,10902,,,,,,10101,17,0,1,


#頭領,

11101,Lumberjack,,11101,,,,,,11101,4,0,1,
11102,Barbarian,,11102,,,,,,11101,23,0,1,
11103,Crusher,,11103,,,,,,11101,27,0,1,
11104,Raider Chief,,11104,,,,,,11101,24,0,1,
11105,Boss,,11105,,,,,,11101,8,0,1,
11401,Black Rose,The Black Rose Clan,11401,,,,,,11102,6,0,1,
11501,Rogue Leader,Outcast,11501,,,,,,11101,2,0,1,
11151,Great Zagzwell,Muscle Weapon,11151,,,,,,11103,25,0,1,
11152,Lost Troop,,11152,,,,,,11103,29,0,1,
11153,Lost Troop Junior,Burn with vengeful thoughts,11153,,,,,,11101,28,0,1,
11201,McLaine,Pursuer of Advance,11201,,,,,,11101,28,1,1,
11901,Pleasure Seeker,,11101,,,,,,11101,20,0,1,


#処刑人,

12101,Condemned,,12101,,,,,,12101,9,0,1,
12102,Executer,,12102,,,,,,12101,9,0,1,
12103,Butcher,,12103,,,,,,12101,12,0,1,
12104,Destroyer,,12104,,,,,,12101,33,0,1,
12105,Hell Murderer,,12105,,,,,,12101,35,0,1,
12106,Butcher,,12106,,,,,,12101,40,0,1,
12107,Prisoner 13,Mad Dog of Dimento,12107,,,,,,12102,46,1,1,
12108,Scapegoat,Despised,12108,,,,,,12101,9,0,1,
12109,Death Carrier,,12109,,,,,,12101,7,0,1,
12151,Morgue Chief,,12151,,,,,,12101,28,0,1,
12152,Mad Farmer,,12152,,,,,,12101,23,0,1,
12153,Brother Jumble,Fatty Brothers,12153,,,,,,12101,28,0,1,
12154,Brother Bozatt,Fatty Brothers,12154,,,,,,12101,28,0,1,
12201,Million Star,Ghost Buster,12201,,,,,,12101,31,1,1,
12202,Punisher,Enforcer of Divine Punishment,12202,,,,,,12101,46,1,1,
12901,Andy,Death Sculptor,12901,,,,,,12101,28,1,1,
12902,Jean,Death Sculptor,12902,,,,,,12101,28,1,1,
12903,Blow,,12102,,,,,,12101,18,0,1,


#戦士,

13101,Novice Fighter,,13101,,,,,,13101,10,0,1,
13102,Daredevil,,13102,,,,,,13101,21,0,1,
13103,Mercenary,,13103,,,,,,13101,23,0,1,
13104,Veteran Fighter,,13104,,,,,,13101,30,0,1,
13105,Ravager,,13105,,,,,,13101,28,0,1,
13106,Neck Chopper,,13106,,,,,,13101,41,0,1,
13107,Battle Master,,13107,,,,,,13101,46,0,1,
13108,Swordmaster,,13108,,,,,,13101,33,0,1,
13109,Novice Fighter,,13109,,,,,,13101,7,0,1,
13110,Novice Fighter,Fire Cracker Member,13109,,,,,,13101,7,0,1,
13151,Hex Corsair,,13151,,,,,,13101,29,0,1,
13152,Eternal Attendant,,13152,,,,,,13101,22,0,1,
13153,Fort Garrison,,13153,,,,,,13102,26,0,1,
13154,Fort Garrison,,13154,,,,,,13102,27,0,1,
13155,Fort Garrison,,13155,,,,,,13102,28,0,1,
13156,Fort Garrison,,13156,,,,,,13102,28,0,1,
13157,Blue Feather Guard,,13157,,,,,,13101,9,0,1,
13201,Algos,The Lost Survey,13201,,,,,,13101,22,1,1,
13202,Levi Machine,Collector of Hell,13202,,,,,,13101,30,1,1,
13203,Curse,Aloof Seeker,13203,,,,,,13103,38,1,1,
13901,Death-Seeker,,13901,,,,,,13101,19,0,1,
13902,Death-Seeker,,13902,,,,,,13101,19,0,1,


#魔法使い,

14101,Magician,,14101,,,,,,14101,8,0,1,
14102,Conjurer,,14102,,,,,,14101,20,0,1,
14103,Practicus,,14103,,,,,,14101,22,0,1,
14104,Sorcerer,,14104,,,,,,14101,30,0,1,
14105,Warlock,,14105,,,,,,14101,26,0,1,
14106,Veteran Mage,,14106,,,,,,14101,26,0,1,
14107,Wiseman,,14107,,,,,,14101,27,0,1,
14108,Spellcaster,,14108,,,,,,14101,34,0,1,
14110,Magician,,14110,,,,,,14101,7,0,1,
14151,Blue Feather,,14151,,,,,,14101,9,0,1,
14111,Blue Feather,Middle Class Member,14111,,,,,,14101,20,0,1,
14201,Solloguva,Spiritmancer,14201,,,,,,14101,27,1,1,
14301,Mansel,Ferocious Monk,14301,,,,,,14101,17,0,1,
14203,Dr. Madoole,Mad Scholar,14203,,,,,,14101,47,1,1,
14901,Fake Prophet,,14901,,,,,,14101,15,0,1,
14902,Sob-Seeker,,14902,,,,,,14101,18,0,1,
14903,Sob-Seeker,,14903,,,,,,14101,18,0,1,


#邪教徒,

15101,Fanatic,Inoverche,15101,,,,,,15101,27,0,1,
15102,Monk,Inoverche,15102,,,,,,15102,29,0,1,
15103,Assassin,Inoverche,15104,,,,,,15103,27,0,1,
15104,Assassin,Inoverche,15104,,,,,,15101,29,0,1,
15105,Assassin,Inoverche,15104,,,,,,15102,29,0,1,
15106,Ein Hellier (Gun),Inoverche,15106,,,,,,15103,35,0,1,
15107,Martyr,Inoverche,15107,,,,,,15101,33,0,1,
15108,Martyr,Inoverche,15107,,,,,,15102,33,0,1,
15109,Martyr,Inoverche,15107,,,,,,15103,33,0,1,
15110,Martyr,Inovercy,15107,,,,,,15103,34,0,1,
15151,Inoverche Marauder,,15151,,,,,,15101,28,0,1,
15152,Inoverche Spawn,,15152,,,,,,15103,29,0,1,
15153,Inoverche Doomsayer,,15153,,,,,,15102,30,0,1,
15154,Inoverche Guard,,15154,,,,,,15103,34,0,1,
15155,Inoverche Guard,,15155,,,,,,15103,34,0,1,
15301,Apprentice,,15301,,,,,,15102,35,0,1,
15302,Inoverche Assassin,,15302,,,,,,15101,30,0,1,
15303,Inoverche Assassin,,15303,,,,,,15101,30,0,1,
15304,Inoverche Assassin,,15304,,,,,,15101,32,0,1,


#衛兵,

16101,Guard,,16101,,,,NPC,,16101,99,0,0,
16102,Guard,,16101,,,,NPC,,16101,99,0,0,
16151,Jewel Knight,,16151,,,,,,16101,13,0,1,
16152,Jewel Knight,,16152,,,,,,16101,50,0,1,
16153,Fort Officer,,16153,,,,,,16102,29,0,1,
16154,Jewel Knight,,16154,,,,,,16101,13,0,1,


#コボルド,

20101,Kobold,,20101,,,,,,20101,5,0,1,
20102,Kobold Warrior,,20102,,,,,,20101,8,0,1,
20103,Rotting Kobold,,20103,,,,,,20101,11,0,1,
20104,Kobold Soldier,,20104,,,,,,20101,18,0,1,
20105,Silverback,,20105,,,,,,20101,20,0,1,
20106,Kobold Fighter,,20106,,,,,,20101,28,0,1,
20107,Kobold Zombie,,20107,,,,,,20101,36,0,1,
20108,Spriggan,,20108,,,,,,20101,5,0,1,
20109,Kobold,,20109,,,,,,20101,9,0,1,
20110,Kobold,,20101,,,,,,20101,6,0,1,
20111,Rotting Kobold,,20111,,,,,,20101,6,0,1,
20112,Cursed Kobold,Pincher,20112,,,,,,20101,6,0,1,
20114,Visionary Kobold,,20114,,,,,,20101,10,0,1,
20115,Visionary Kobold,,20115,,,,,,20101,12,0,1,
20116,Visionary Kobold,,20116,,,,,,20101,30,0,1,
20151,Kobold Chief,,20151,,,,,,20101,9,0,1,
20152,Kobold Warrior,,20152,,,,,,20101,8,0,1,
20113,Gorde Zombie,Balboa Family,20113,,,,,,20101,20,0,1,
20153,Hex Wolf,,20153,,,,,,20101,29,0,1,
20154,Crazy Charlie,,20154,,,,,,20101,31,0,1,
20155,Crazy Charlie,,20154,,,,,,20101,31,0,1,
20156,Crazy Charlie,,20154,,,,,,20101,32,0,1,
13199,Guard Trainer,,13199,,,,,,20101,1,0,1,
20201,Silver Fang,Lone Wolf,20201,,,,,,20102,20,1,1,
20301,Bagest,,20301,,,,,,20101,34,0,1,
20901,Heavy Kobold,,20901,,,,,,20101,18,0,1,
20902,Heavy Kobold,,20902,,,,,,20101,18,0,1,


#ゴブリン,

21101,Gargoyle,,21101,,,,,,21101,7,0,1,
21102,Gargoyle Archer,,21102,,,,,,21101,9,0,1,
21103,Gargoyle Warrior,,21103,,,,,,21102,20,0,1,
21104,Gargoyle Fighter,,21104,,,,,,21101,28,0,1,
21105,Gargoyle Soldier,,21105,,,,,,21101,31,0,1,
21106,Galitrot (Sword),,21106,,,,,,21102,42,0,1,
21107,Galitrot (Bow),,21107,,,,,,21101,42,0,1,
21108,Catapult Soldier,Balboa Family,21108,,,,,,21101,21,0,1,
21109,Gargoyle Ranger,,21109,,,,,,21103,12,0,1,
21110,Gargoyle Ranger,,21110,,,,,,21103,15,0,1,
21111,Gargoyle Ranger,,21111,,,,,,21103,21,0,1,
21112,Visionary Gargoyle,,21112,,,,,,21101,20,0,1,
21113,Visionary Gargoyle,,21113,,,,,,21101,21,0,1,
21114,Visionary Gargoyle,,21114,,,,,,21101,21,0,1,
21115,Visionary Gargoyle,,21115,,,,,,21101,36,0,1,
21116,Visionary Gargoyle,,21116,,,,,,21101,36,0,1,
21117,Visionary Gargoyle,,21117,,,,,,21101,35,0,1,
21151,Crazy Jumper,,21151,,,,,,21101,26,0,1,
21152,Gargoyle Sniper,,21152,,,,,,21101,8,0,1,
21201,Donchucky,Balboa bodyguard,21201,,,,,,21101,37,1,1,
21202,Gargoyle Giant,Monster Mountain,21202,,,,,,21102,42,1,1,
21901,Spanky,,21901,,,,,,21101,17,0,1,
21902,Gargoyle King,Self-designation,21902,,,,,,21102,30,0,1,
21903,Elite Gargoyle,,21903,,,,,,21102,25,0,1,
21904,Elite Gargoyle Archer,,21904,,,,,,21101,25,0,1,


#オーク,

22101,Zule,,22101,,,,,,22101,8,0,1,
22102,Zule Warrior,,22102,,,,,,22101,9,0,1,
22103,Zule Soldier,,22103,,,,,,22101,19,0,1,
22104,Zule Fighter,,22104,,,,,,22101,21,0,1,
22105,Black Zule,,22105,,,,,,22101,29,0,1,
22106,Zule Barbarian,,22106,,,,,,22101,33,0,1,
22107,Visionary Zule,,22107,,,,,,22101,13,0,1,
22108,Visionary Zule,,22108,,,,,,22101,22,0,1,
22109,Visionary Zule,,22109,,,,,,22101,24,0,1,
22151,Filthy Nobleman,King of the Unclean,22151,,,,,,22101,13,0,1,
22152,Guilty Criminal,Convict of Corruption,22152,,,,,,22102,38,0,1,
22153,Resident Killer,Convict of Corruption,22153,,,,,,22102,38,0,1,
22154,Murderer of the Innocent,Convict of Corruption,22154,,,,,,22102,38,0,1,
22155,Hardened Offender,,22155,,,,,,22102,29,0,1,
22156,Brute Orc,,22156,,,,,,22101,20,0,1,
22301,Dallan,Corpse Eater,22301,,,,,,22101,10,0,1,
22201,Demolition Zule,Dark Lord of Tyranny,22201,,,,,,22101,40,1,1,
22901,Furcas,,22901,,,,,,22101,19,0,1,
22902,Giant Zule,,22902,,,,,,22101,28,0,1,


#トード,

30101,Giant Toad,,30101,,,,,,30101,14,0,1,
30102,Poison Toad,,30102,,,,,,30101,13,0,1,
30103,Toad Familiar,,30103,,,,,,30101,25,0,1,
30104,Moving Citadel,,30104,,,,,,30101,26,0,1,
30105,Demon Bullfrog,,30105,,,,,,30101,27,0,1,
30106,Demon Svickle,,30106,,,,,,30102,23,0,1,
30107,Huge Frog,,30107,,,,,,30103,3,0,1,
30108,Fatty Head,Balboa Family,30108,,,,,,30101,22,0,1,
30109,Catastrophe Toad,,30109,,,,,,30101,23,0,1,
30110,Visionary Toad,,30110,,,,,,30101,11,0,1,
30111,Visionary Toad,,30111,,,,,,30101,13,0,1,
30151,Demi-Toad,,30103,,,,,,30101,10,0,1,
30301,Wallet Frog,,30301,,,,,,30103,6,0,1,
30201,Mammoth Toad,Transcender of Epochs,30201,,,,,,30104,39,1,1,
30302,Dread Toad,,30302,,,,,,30101,27,0,1,


#バニー,

31001,Vorpal Bunny,,31001,,,,,1,31001,25,0,1,
31901,Mountain Bunny,,31901,,,,,1,31003,40,0,1,
31902,Giant Bunny,,31902,,,,,1,31002,38,0,1,
31903,Big Bunny,,31903,,,,,1,31002,38,0,1,
31904,Vorpal Bunny,,31904,,,,,1,31001,35,0,1,
31905,Lovely Doll,,31905,,,,,0,31001,30,0,1,
31906,Lovely Doll,,31906,,,,,0,31001,30,0,1,


#ビートル,

40101,Beetle,,40101,1,,,,,40101,1,0,1,
40102,Hungry Beetle,,40102,1,,,,,40101,7,0,1,
40103,Bowling Beetle,,40103,1,,,,,40101,7,0,1,
40104,Scarab,,40104,1,,,,,40101,6,0,1,
40105,River Ancor,,40105,1,,,,,40101,10,0,1,
40106,Venom Beetle,,40106,1,,,,,40101,11,0,1,
40107,Doom Beetle,,40107,1,,,,,40101,30,0,1,
40108,Epidemic Bug,,40108,1,,,,,40101,21,0,1,
40109,Deathhead,,40109,1,,,,,40102,1,0,1,
40110,Scrooge Beetle,,40110,1,,,,,40102,1,0,1,
40111,Beetle,,40111,1,,,,,40101,6,0,1,
40112,Beetle,,40112,1,,,,,40101,6,0,1,
40113,Hide Beetle,,40113,1,,,,,40103,5,0,1,
40114,Vermin,,40501,1,,,,,40101,3,0,1,
40601,Beetle,,40601,1,,,,,40101,1,0,1,
40401,Cage Beetle,,40401,1,,,,,40101,3,0,1,
#ビートル named,
#ビートル rare,
40301,Blue Diamond Beetle,,40301,1,,,,,40104,27,0,1,
40302,Gem Box,,40302,1,,,,,40101,25,0,1,
40303,Gold Ingot,,40303,1,,,,,40101,27,0,1,
40304,Gem Container,,40304,1,,,,,40101,30,0,1,
#ビートル　デプス,
40901,Flame Sword Beetle,,40901,1,,,,,40101,18,0,1,
40902,Earth Club Beetle,,40902,1,,,,,40101,18,0,1,
40903,Ice Lance Beetle,,40903,1,,,,,40101,18,0,1,
40904,Golden Beetle,,40904,1,,,,,40101,17,0,1,
40905,Gem Beetle,,40905,1,,,,,40101,17,0,1,
40906,Bomb Beetle,,40906,1,,,,,40101,15,0,1,


#フライ,

41101,Black Fly,,41101,1,,,,,41101,5,0,1,
41102,Blood Sucker,,41102,1,,,,,41101,12,0,1,
41103,Stinger,,41103,1,,,,,41101,17,0,1,
41104,Noisy,,41104,1,,,,,41101,26,0,1,
41105,Loud Mouse,,41105,1,,,,,41101,28,0,1,
41106,Black Fly,,41106,1,,,,,41101,29,0,1,
41107,Black Fly,,41101,1,,,,,41101,7,0,1,
41108,Needle Feather,,41107,1,,,,,41101,29,0,1,
41109,Demon Locust,,41108,1,,,,,41101,27,0,1,
41151,Dragonfly,,41151,1,,,,,41101,12,0,1,
41152,Impurity,,41152,1,,,,,41101,6,0,1,
41153,Filthy Vallet,,41153,1,,,,,41101,11,0,1,
41154,Hex Pixie,,41154,1,,,,,41101,29,0,1,
41155,Demi-Fly,,41155,1,,,,,41101,10,0,1,
41201,Aria Tsitsi Fly,God of Stinkbugs,41201,1,,,,,41101,29,1,1,
41301,Fake Aria Tsitsi Fly,,41301,1,,,,,41101,14,0,1,
41202,Endless Pain,The Flying Plague,41202,1,,,,,41101,48,1,1,


#クモ,

42101,Huge Spider,,42101,1,,,,,42101,14,0,1,
42102,Black Widow,,42102,1,,,,,42101,17,0,1,
42103,Killer Web,,42103,1,,,,,42101,30,0,1,
42104,Venom sting,,42104,1,,,,,42101,32,0,1,
42105,Assassin Widow,,42105,1,,,,,42101,39,0,1,
42106,Alchemy,,42106,1,,,,,42101,44,0,1,
42151,Harm,,42151,1,,,,,42102,31,0,1,
42152,Beast Eater,,42152,1,,,,,42101,29,0,1,
42153,Fate Spinner,,42153,1,,,,,42101,29,0,1,
42154,Beast Eater,,42152,1,,,,,42101,29,0,1,
42155,Reanimated Harm,,42155,1,,,,,42102,29,0,1,
42156,Demi-Spider,,42156,1,,,,,42101,10,0,1,
42301,Beach Spider,Wild Baker,42301,1,,,,,42101,5,0,1,
42201,Man Eater,Arachnid of Death,42201,1,,,,,42103,37,1,1,
42302,Deathralva,,42302,1,,,,,42104,26,0,1,
42202,Arachnophobia,The Many Eyed Slaughterer,42202,1,,,,,42103,45,1,1,
42901,Atra,,42901,1,,,,,42101,22,0,1,
42902,Atlach-Nacha,,42902,1,,,,,42101,22,0,1,
42903,Grandmother-Spider,,42903,1,,,,,42105,20,0,1,
42904,Poison-Pallasite,,42904,1,,,,,42104,18,0,1,
42905,Stone-Pallasite,,42905,1,,,,,42104,18,0,1,
42906,Pallasite-Spider,,42906,1,,,,,42104,18,0,1,


#プラント,

50101,Leg Eater,,50101,1,,,,,50101,4,0,1,
50102,Mana Plant,,50102,1,,,,,50101,23,0,1,
50103,Predator Plant,,50103,1,,,,,50102,27,0,1,
50104,Rubber Beast,,50104,1,,,,,50101,25,0,1,
50106,Crawl Trap,,50106,1,,,,,50101,25,0,1,
50151,Visitor Plant,,50151,1,,,,,50102,7,0,1,
50152,Segment,,50152,1,,,,,50101,8,0,1,
50105,Hydra Plant,,50105,1,,,,,50101,8,0,1,
50153,Morgue Plant,Deadman Guardian,50153,1,,,,,50101,29,0,1,
50154,Flower Movement,,50154,1,,,,,50102,31,0,1,
50155,Dead Leaf,,50155,1,,,,,50101,20,0,1,
50156,Grandetario,,50156,1,,,,,50101,40,0,1,
50301,Poisonous Bride,,50301,1,,,,,50101,29,0,1,


#タウロス,

60101,War Buffalo,,60101,,,,,,60101,15,0,1,
60102,Bisonhead,,60102,,,,,,60101,22,0,1,
60103,Minotaurus,,60103,,,,,,60101,29,0,1,
60104,Maze Keeper,,60104,,,,,,60101,30,0,1,
60105,Goataurus,,60105,,,,,,60101,40,0,1,
60106,Gorz,Ruins Guard,60106,,,,,,60101,38,0,1,
60107,Bullspawn,Beast of Hades,60107,,,,,,60101,16,0,1,
60108,Assault Bull,Beast of Revenge,60108,,,,,,60103,18,0,1,
60109,Cemetary Taurus,,60109,,,,,,60101,25,1,1,
60151,Fararis,,60151,,,,,,60101,31,0,1,
60152,Reanimated Fararis,,60152,,,,,,60101,18,0,1,
60153,Brute Taurus,,60902,,,,,,60103,20,0,1,
60154,Asterion,,60902,,,,,,60101,30,0,1,
60201,Spiral Mixer,The Great Horned Beast,60201,,,,,,60102,35,1,1,
60202,Grate Taurus,,60202,,,,,,60103,46,1,1,
60901,Dirtaurus,Dir x Wizardry,60901,,,,,,60103,46,0,1,
60902,Cludgepain,Disgraced Other,60902,,,,,,60103,17,0,1,
60903,Red Hand,,60903,,,,,,60101,20,0,1,
60904,Red Hand,,60904,,,,,,60101,20,0,1,


#ゴーレム,

61101,Clay Golem,,61101,4,,,,,61101,9,0,1,
61102,Mangler,,61102,4,,,,,61101,9,0,1,
61103,Runic Guard,,61103,4,,,,,61101,25,0,1,
61104,Stronghold,,61104,4,,,,,61101,30,0,1,
61105,Rock Body,,61105,4,,,,,61101,35,0,1,
61106,Stone Golem,,61106,4,,,,,61101,29,0,1,
61107,Obsidian Golem,,61107,4,,,,,61101,30,0,1,
61108,Cemetary Golem,,61108,4,,,,,61101,45,1,1,
61151,Moving Groke,,61151,4,,,,,61101,9,0,1,
61152,Seven Summit,,61152,4,,,,,61102,35,0,1,
61153,Moving Groke,,61151,4,,,,,61101,9,0,1,
61154,Recipient,,61154,4,,,,,61101,29,0,1,
61155,Jeezley,,61155,4,,,,,61102,29,0,1,
61156,Flor Golem,,61901,4,,,,,61101,30,0,1,
61157,Visionary Golem,,61157,4,,,,,61101,40,0,1,
61201,Evil Hazard,Soul of Malice,61201,4,,,,,61101,44,1,1,
61901,Demon Golem,,61901,4,,,,,61101,22,0,1,
61902,Demon Golem,,61902,4,,,,,61101,22,0,1,
61991,Colrud,Three Leaders,61991,,,,,,61991,50,0,1,

#フレッシュ,

62101,Flesh Armor,,62101,2,,,,,62101,9,0,1,
62102,Shock Trooper,,62102,2,,,,,62101,10,0,1,
62103,Big Sergeant,,62103,2,,,,,62101,25,0,1,
62104,Demon Brute,,62104,2,,,,,62101,26,0,1,
62105,Vile Demon,,62105,2,,,,,62101,28,0,1,
62106,Goafest,,62106,2,,,,,62101,30,0,1,
62107,Flesh Armor,,62107,2,,,,,62101,48,0,1,
62151,Angry Face,,62151,2,,,,,62101,9,0,1,
62152,The Twins,Malevolent Twins,62152,2,,,,,62101,37,0,1,
62153,Abadon,Glutton,62153,2,,,,,62101,27,0,1,
62154,Ogre Face,,62154,2,,,,,62102,27,0,1,
62155,Dismantle,,62155,2,,,,,62102,31,0,1,
62156,Angry Face,,62151,2,,,,,62101,9,0,1,
62157,Reanimated Dismantled,,62157,2,,,,,62102,21,0,1,
62158,The Twins,Malevolent Twins,62152,2,,,,,62101,37,0,1,
62201,Anononym,Devoter of Soul,62201,2,,,,,62101,44,1,1,
62202,Glatny Golem,Undecided,62202,2,,,,,62101,47,1,1,
62203,Nameless Flesh,,62203,2,,,,,62101,48,1,1,
62901,Bolt Flesh,,62901,2,,,,,62101,9,0,1,
62902,Hell's Butcher,,62902,2,,,,,62101,20,0,1,
62903,Hell's Butcher,,62903,2,,,,,62101,20,0,1,


#下級デーモン,

70101,Lesser Demon,,70101,2,,,,,70101,28,0,1,
70102,Hellspawn,,70102,2,,,,,70101,28,0,1,
70103,Warmonger,,70103,2,,,,,70101,28,0,1,
70104,Crimson,,70104,2,,,,,70101,29,0,1,
70105,Vandersnatch,,70105,2,,,,,70101,33,0,1,
70106,Subnach,,70106,2,,,,,70101,38,0,1,
70107,Legion,,70107,2,,,,,70101,47,0,1,
70108,Lesser Demon,,70108,2,,,,,70101,45,0,1,
70109,Lesser Demon,Dark Angel,70109,2,,,,,70101,28,0,1,
70110,Lesser Demon,,70110,2,,,,,70101,50,0,1,
70111,Lesser Demon,,70111,2,,,,,70101,10,0,1,
70151,Demon Adel,Ancient Despot,70151,2,,,,,70102,30,0,1,
70152,Cannibal Demon,,70152,2,,,,,70101,35,0,1,
70153,Advanced Guard,,70153,2,,,,,70101,31,0,1,
70154,Cracked Devil,Elite Dark Angel,70154,2,,,,,70102,29,0,1,
70155,Reanimated Advanced Guard,,70155,2,,,,,70101,21,0,1,
70901,Crielle,Brutal Dark Angel,70901,2,,,,,70101,18,0,1,


#ガーゴイル,

71101,Gargoyle,,71101,2,,,,,71101,18,0,1,
71102,Nightwatch,,71102,2,,,,,71101,26,0,1,
71103,Spriggan,,71103,2,,,,,71101,28,0,1,
71104,Legion Demon,,71104,2,,,,,71101,27,0,1,
71105,Freeze Demon,,71105,2,,,,,71101,27,0,1,
71106,Radon,,71106,2,,,,,71101,46,0,1,
71107,Gargoyle,,71107,2,,,,,71101,47,0,1,
71108,Linette Guard,,71108,2,,,,,71101,30,0,1,
71109,Visionary Gargoyle,,71109,2,,,,,71101,32,0,1,
71110,Visionary Gargoyle,,71110,2,,,,,71101,35,0,1,
71111,Cemetary Gargoyle,,71111,2,,,,,71101,35,1,1,
71151,Temple Guard,,71151,2,,,,,71101,21,0,1,
71152,Dark Flyer,,71152,2,,,,,71101,23,0,1,
71153,Dark Snatcher,,71153,2,,,,,71101,31,0,1,
71154,Ordille Roader,,71154,2,,,,,71101,29,0,1,
71155,Reanimated Dark Snatcher,,71155,2,,,,,71101,21,0,1,
71156,Ugly Pet,,71156,2,,,,,71101,30,0,1,
71157,Brute Gargoyle,,71157,2,,,,,71101,20,0,1,
71158,Citizen-Killer,,71158,2,,,,,71101,35,0,1,
71201,Nameless Gargoyle,,71201,2,,,,,71101,47,1,1,
71901,Gloomy Baron,,71901,2,,,,,71101,16,0,1,
71902,Caliban,,71902,2,,,,,71101,19,0,1,
71903,Dread Gargoyle,,71903,2,,,,,71101,22,0,1,
71904,Caliban,,71904,2,,,,,71101,19,0,1,
71905,Dread Gargoyle,,71905,2,,,,,71101,22,0,1,
71906,Dark Tempter,Leader to the Darkness,71906,2,,,,,71101,31,0,1,


#インプ,

72101,Demon Imp,,72101,2,,,,,72101,16,0,1,
72102,Flaming Imp,,72102,2,,,,,72101,17,0,1,
72103,Demon Imp,,72103,2,,,,,72101,25,0,1,
72104,Naughty Kid,,72104,2,,,,,72101,29,0,1,
72105,Spell Imp,,72105,2,,,,,72101,26,0,1,
72106,Macabre,,72106,2,,,,,72101,43,0,1,
72107,Baby Adrian,Divine Child,72107,2,,,,,72101,25,0,1,
72108,Demon Imp,,72108,2,,,,,72101,45,0,1,
72109,Visionary Imp,,72109,2,,,,,72101,19,0,1,
72110,Visionary Imp,,72110,2,,,,,72101,23,0,1,
72151,Balloon Head (Ash),,72151,2,,,,,72101,33,0,1,
72152,Balloon Head (Flame),,72152,2,,,,,72101,33,0,1,
72153,Balloon Head (Coal),,72153,2,,,,,72101,33,0,1,
72154,Cracking Imp,,72154,2,,,,,72102,27,0,1,
72155,Twinkle Star,,72155,2,,,,,72101,31,0,1,
72156,Doom Chaser,,72156,2,,,,,72101,31,0,1,
72157,Reanimated Doom Chaser,,72157,2,,,,,72101,31,0,1,
72201,Mad Cupid,Envoy of Lust,72201,2,,,,,72101,39,1,1,
72158,Red Baby,,72158,2,,,,,72101,17,0,1,
72159,Andhaka,,72159,2,,,,,72101,25,0,1,
72160,Flor Imp,,72160,2,,,,,72101,30,0,1,
72901,Chucky,,72901,2,,,,,72101,17,0,1,


#デビル,

73101,Grand Devil,,73101,2,,,,,73101,30,0,1,
73102,Greedy Devil,,73102,2,,,,,73101,30,0,1,
73103,Raffing Angel,,73103,2,,,,,73101,33,0,1,
73104,Bellerophon,,73104,2,,,,,73101,46,0,1,
73105,Aristocrat,,73101,2,,,,,73101,52,0,1,
73151,Valgo,Princess of the Dark Angels,73151,2,,,,,73101,31,0,1,
73152,Destron,,73152,2,,,,,73102,31,0,1,
73901,Redrum,,73901,2,,,,,73101,3,0,1,


#カーリー,

80101,Carley,Statue of the Goddess of Fear,80101,,,,,,80101,30,0,1,
80201,Egg,,80201,,,,,,80201,30,0,1,
80102,Dulgar,Statue of the Goddess of Slaughter,80102,,,,,,80101,46,1,1,
80202,Egg,,80201,,,,,,80201,30,0,1,


#コイン,

90101,Creeping Coin,,90101,4,,,,,90101,12,0,1,
90102,Killer Coin,,90102,4,,,,,90101,13,0,1,
90103,Born Sucker,,90103,4,,,,,90101,23,0,1,
90104,Succuladeth,,90104,4,,,,,90101,23,0,1,
90105,Catalyst,,90105,4,,,,,90101,46,0,1,
90106,Creeping Coin,,90106,4,,,,,90101,30,0,1,
90151,Millionaire,,90151,4,,,,,90102,15,0,1,
90152,Bride,,90152,4,,,,,90101,11,0,1,
90153,Variable Metal,,90153,4,,,,,90101,21,0,1,
90154,Oboros,,90154,4,,,,,90101,21,0,1,
90155,Sinful Treasure,,90155,4,,,,,90101,35,0,1,
90201,Greed Eater,Guard of the Treasure Room,90201,4,,,,,90101,23,1,1,
90301,Spiral Gem,,90301,4,,,,,90101,28,0,1,
90302,Coin Tazer,,90302,4,,,,,90101,28,0,1,
90901,Inferno Coin,,90901,4,,,,,90101,18,0,1,


#ガス,

91101,Gas Cloud,,91101,4,,,,,91101,20,0,1,
91102,Poison Mist,,91102,4,,,,,91101,13,0,1,
91103,Toxic Air,,91103,4,,,,,91101,34,0,1,
91104,Exhaust,,91104,4,,,,,91101,25,0,1,
91105,Arcane Smog,,91105,4,,,,,91101,41,0,1,
91106,Poison Cloud,,91106,4,,,,,91101,31,0,1,
91107,Gas Cloud,,91101,4,,,,,91101,20,0,1,
91151,Sticking Smoke,,91151,4,,,,,91101,11,0,1,
91152,Formless Bug,,91152,4,,,,,91102,27,0,1,
91153,Polluted Air,,91153,4,,,,,91101,29,0,1,
91154,Hell Gate,,91154,4,,,,,91101,30,0,1,
91155,Flor Gas,,91155,4,,,,,91101,30,0,1,
91156,Visionary Gas,,91104,4,,,,,91101,23,0,1,
91301,Living Aura,,91301,4,,,,,91101,25,0,1,
91302,Overdose,,91302,4,,,,,91101,27,0,1,
91901,Army Cloud,,91901,4,,,,,91101,20,0,1,


#スライム,

92101,Slime,,92101,1,,,,,92101,17,0,1,
92102,Green Slime,,92102,1,,,,,92101,13,0,1,
92103,Black Carpet,,92103,3,,,,,92101,13,0,1,
92104,Eraser,,92104,3,,,,,92101,20,0,1,
92105,Grey Ooze,,92105,,,,,,92101,28,0,1,
92106,Demon Fluid,,92106,3,,,,,92101,24,0,1,
92107,Blob,,92107,1,,,,,92101,25,0,1,
92108,Visionary Slime,,92102,1,,,,,92101,9,0,1,
92401,Green Slime,,92401,1,,,,,92102,1,0,1,
92151,Element X,,92151,3,,,,,92104,15,0,1,
92152,Blood Jelly,,92152,,,,,,92102,32,0,1,
92153,Rusty Slime,,92153,,,,,,92103,26,0,1,
92154,Blood Jelly,,92154,,,,,,92102,32,0,1,
92156,Rusty Slime,,92153,,,,,,92103,26,0,1,
92157,Demi-Slime,,92102,1,,,,,92101,10,0,1,
92201,Newt,Triple Disasters,92201,3,,,,,92101,30,1,1,
92202,Cosmo,Triple Disasters,92202,3,,,,,92101,30,1,1,
92203,Chaos,Triple Disasters,92203,3,,,,,92101,30,1,1,
92204,Toxic Genome,Discarded Body,92204,,,,,,92105,34,1,1,
92301,Slippery Slime,,92301,1,,,,,92102,23,0,1,
92205,Slalin (TBD),,92205,1,,,,,92102,30,0,1,
92901,Shoggoth,,92901,1,,,,,92101,17,0,1,


#キメラ,

93101,Chimera,,93101,,,,,,93101,30,0,1,
93102,Ferocious Chimera,,93102,,,,,,93101,32,0,1,
93151,First Chimera,Synthetic Beast,93151,,,,,,93101,29,0,1,
93152,Raging Chimera,,93152,,,,,,93101,32,0,1,


#石像,

94101,Living Statue,,94101,4,,,,,94101,12,0,1,
94102,Toy Soldier,,94102,4,,,,,94101,24,0,1,
94103,Stone Army,,94103,4,,,,,94101,30,0,1,
94104,Minette Guard,,94104,4,,,,,94101,30,0,1,
94151,Ancient Soldier,,94151,4,,,,,94101,8,0,1,
94152,Ancient Commander,,94152,4,,,,,94101,10,0,1,
94153,Knight,,94153,4,,,,,94102,13,0,1,
94154,Incarnation,,94154,4,,,,,94101,22,0,1,
94155,Adel Guard,,94155,4,,,,,94101,30,0,1,
94156,Mad Instructor,,94156,4,,,,,94101,34,0,1,
94157,Mechanical Guardian,Ruins Guard,94157,4,,,,,94103,25,0,1,
94158,Gate Keeper,,94158,4,,,,,94101,16,0,1,
94159,Fort Guard,,94159,4,,,,,94101,29,0,1,
94160,Adel Guard,,94160,4,,,,,94101,31,0,1,
94161,Ancient Soldier,,94151,4,,,,,94101,8,0,1,
94162,Flor Statue,,94162,4,,,,,94101,30,0,1,
94301,Miniature Statue,,94301,4,,,,,94102,32,0,1,
94901,Kieth,,94901,4,,,,,94101,26,0,1,
94902,Statue's Curse,,94902,4,,,,,94101,19,0,1,
94903,Statue's Curse,,94903,4,,,,,94101,19,0,1,


#ゾンビ,

100101,Living Dead,,100101,3,,,,,100101,2,0,1,
100102,Zombie,,100102,3,,,,,100101,2,0,1,
100103,Living Dead,,100103,3,,,,,100101,8,0,1,
100104,Rotting Corpse,,100104,3,,,,,100101,16,0,1,
100105,Possession,,100105,3,,,,,100101,18,0,1,
100106,Baked Body,,100106,3,,,,,100101,25,0,1,
100107,Carrier,,100107,3,,,,,100101,28,0,1,
100108,Meat Puppet,,100108,3,,,,,100101,31,0,1,
100109,Disco Zombie,,100109,3,,,,,100101,8,0,1,
100110,Dark Thing,Resident of Darkness,100110,3,,,,,100101,15,0,1,
100111,Rotting Corpse,,100601,3,,,,,100101,1,0,1,
100112,Poisonous Dead,,100601,3,,,,,100101,13,0,1,
100114,Sacrifice,,100114,3,,,,,100101,34,0,1,
100115,Murder Doll,,100115,3,,,,,100101,35,0,1,
100113,Doom Sentinel,,100113,3,,,,,100102,16,0,1,
100116,Zombie,,100116,3,,,,,100101,1,0,1,
100199,Undead,,100199,3,,,,,100101,1,0,1,
100401,Lagrisse Legion,,100401,3,,,,,100101,3,0,1,
100501,Zombie,,100501,3,,,,,100101,1,0,1,
100502,Zombie,,100502,3,,,,,100101,1,0,1,
100151,Decomposer,,100151,3,,,,,100101,31,0,1,
100152,Disco Zombie,,100152,3,,,,,100101,7,0,1,
100153,Reanimated Decomposer,,100153,3,,,,,100101,21,0,1,
100154,Screamer,,100154,3,,,,,100101,31,0,1,
100155,Melting Head,,100155,3,,,,,100101,17,0,1,
100156,Visionary Zombie,,100156,3,,,,,100101,14,0,1,
100201,Daniel-San,The Abandoned Guardian,100201,3,,,,,100101,25,1,1,
100301,Lost Number,,100301,3,,,,,100101,33,0,1,
100901,Taxim,,100901,3,,,,,100101,22,0,1,
100902,Chatterer,,100902,3,,,,,100101,17,0,1,
100903,Pinhead,,100903,3,,,,,100101,18,0,1,
100904,Naggoob,,100904,3,,,,,100101,19,0,1,
100905,Ghula,,100905,3,,,,,100101,20,0,1,
100906,Chatterer,,100906,3,,,,,100101,17,0,1,
100907,Pinhead,,100907,3,,,,,100101,18,0,1,
100908,Taxim,,100908,3,,,,,100101,22,0,1,
100991,Smelch,Three Leaders,100991,3,,,,,100991,50,0,1,


#ドロゾンビ,

101101,Swamp Fire,,101101,3,,,,,101101,4,0,1,
101102,Scavenger,,101102,3,,,,,101101,11,0,1,
101103,Bloody Marble,,101103,3,,,,,101101,18,0,1,
101104,Deadly Spawn,,101104,3,,,,,101101,34,0,1,
101105,Meltmeat,,101105,3,,,,,101101,29,0,1,
101106,Tar,,101106,3,,,,,101101,36,0,1,
101107,Acidman,,101107,3,,,,,101101,28,0,1,
101108,Garbage,,101108,3,,,,,101101,5,0,1,
101109,Garbage,,101109,3,,,,,101101,6,0,1,
101110,Scavenger,,101102,3,,,,,101101,4,0,1,
101111,Scavenger,,101102,3,,,,,101101,4,0,1,
101112,Rush Hour,,101112,3,,,,,101101,6,0,1,
101151,Dry Corpse,,101151,3,,,,,101101,11,0,1,
101401,Lagree Dominion,Rotten,101401,3,,,,,101101,3,0,1,
101152,Chill Out,,101152,3,,,,,101101,28,0,1,
101201,Unknown Sync,Uninvited Threat,101201,3,,,,,101101,37,1,1,


#狂人,

102101,Weeping Sorrow,,102101,3,,,,,102101,17,0,1,
102102,Banshee,,102102,3,,,,,102101,19,0,1,
102103,Failed Life,,102103,3,,,,,102101,25,0,1,
102104,Nether Resident,,102104,3,,,,,102101,28,0,1,
102105,Wasted,,102105,3,,,,,102101,31,0,1,
102106,Mind Tuned,,102106,3,,,,,102101,32,0,1,
102107,Prototype,,102107,3,,,,,102101,35,0,1,
102108,Life Stealer,,102108,3,,,,,102101,32,0,1,
102109,Grim Doll,,102109,3,,,,,102101,32,0,1,
102110,Soul Stealer,,102110,3,,,,,102101,32,0,1,
102111,Testament,,102111,3,,,,,102101,35,0,1,
102112,Life Stealer,,102112,3,,,,,102101,26,0,1,
102113,Disposable Life,,102113,3,,,,,102101,27,0,1,
102151,Shadow Dancer,,102151,3,,,,,102101,15,0,1,
102152,Wasted Life,,102105,3,,,,,102101,31,0,1,
102301,Stronger,,102301,3,,,,,102101,31,0,1,


#スピリット,

103101,Grey Spirit,,103101,5,,,,,103101,16,0,1,
103102,Phantom,,103102,5,,,,,103101,17,0,1,
103103,Spirit,,103103,5,,,,,103101,24,0,1,
103104,Specter,,103104,5,,,,,103101,25,0,1,
103105,Haunt,,103105,5,,,,,103101,26,0,1,
103106,Wraith,,103106,5,,,,,103101,27,0,1,
103107,Visionary Spirit,,103107,5,,,,,103101,29,0,1,
103108,Visionary Spirit,,103108,5,,,,,103101,31,0,1,
103109,Imperial Soul,,103109,5,,,,,103101,34,0,1,
103151,Fire Spirit,,103151,5,,,,,103101,18,0,1,
103152,Dark Spirit,,103152,5,,,,,103101,19,0,1,
103181,Wandering Soul,,103181,5,,,,,103101,17,0,1,
103182,Yade,,103182,5,,,,,103101,18,0,1,
103153,Light Spirit,,103153,5,,,,,103101,19,0,1,
103154,Holy Spirit,,103154,5,,,,,103101,20,0,1,
103155,Familiar Spirit,,103155,5,,,,,103102,25,0,1,
103156,Spirit Battler,,103156,5,,,,,103102,26,0,1,
103157,Lamp Malice,,103157,5,,,,,103102,27,0,1,
103158,Evil Spirit,,103158,5,,,,,103101,28,0,1,
103159,Another Shadow,,103159,5,,,,,103101,26,0,1,
103160,Innocent Soul,,103160,5,,,,,103101,34,0,1,
103201,Hatred,Persistent Resentment,103201,5,,,,,103101,42,1,1,
103202,Red Rage,Overflowing Rage,103202,5,,,,,103101,47,1,1,
103901,Mind Sweeper,,103901,5,,,,,103101,20,0,1,
103902,Mind Sweeper,,103902,5,,,,,103101,20,0,1,


#スクライル,

104101,Shrieking Head,,104101,5,,,,,104101,26,0,1,
104102,Necro Ward,,104102,5,,,,,104101,28,0,1,
104103,Giant Skull,,104103,5,,,,,104101,24,0,1,
104151,Nobody,,104151,5,,,,,104102,31,0,1,
104152,Deadhead,,104152,5,,,,,104103,31,0,1,
104153,Nobody,,104153,5,,,,,104102,31,0,1,
104154,Psychohead,,104154,5,,,,,104103,30,0,1,
104155,Reanimated Nobody,,104155,5,,,,,104102,30,0,1,
104156,Reanimated Deadhead,,104156,5,,,,,104103,30,0,1,
104157,Brute Scryll,,104157,5,,,,,104101,20,0,1,
104301,Skull Stone,,104301,5,,,,,104102,8,0,1,
104302,Rockhead,,104302,5,,,,,104101,20,0,1,
104901,Amonhead,,104901,5,,,,,104101,22,0,1,
104902,Amonhead,,104902,5,,,,,104101,22,0,1,


#バンパイア,

105991,Noeintatter,Three Leaders,104101,5,,,,,105901,50,0,1,


#デュラハン,

110101,Dullahan,,110101,3,,,,,110101,26,0,1,
110151,Dullahan,Fierce Shockwave,110151,3,,,,,110101,32,0,1,
110999,Dullahan,For Checking,110999,3,,,,,110101,26,0,1,


#メデューサ,

111101,Medusa,,111101,2,,,,,111101,37,0,1,


#ドラゴン,

120101,Green Dragon,,120101,,,,,,120101,50,0,1,


#ウォーカー,

130101,Walker,,130101,5,,,,,130101,99,0,1,
130102,Wraith,,130101,5,,,,,130101,1,0,1,
130103,Prowler,,130101,5,,,,,130101,11,0,1,
130104,Walker,,130101,5,,,,,130101,99,0,1,
130151,Watchman,Guard of Souls,130151,5,,,,,130151,25,0,1,
130152,Macabre,God of Death,130152,5,,,,,130152,32,0,1,


#スキル用,

9999001,Decoy Lv.1,,0,4,,,,,0,1,0,1,
9999002,Decoy Lv.2,,0,4,,,,,0,1,0,1,
9999003,Decoy Lv.3,,0,4,,,,,0,1,0,1,
9999004,Decoy Lv.4,,0,4,,,,,0,1,0,1,
9999005,Decoy Lv.5,,0,4,,,,,0,1,0,1,
9999006,Decoy Lv.6,,0,4,,,,,0,1,0,1,
9999007,Decoy Lv.7,,0,4,,,,,0,1,0,1,

#テスト用,
9910001,HP Max Zombie,For Testing,9910001,3,,,,,9910001,2,0,1,
9910002,Rage-Filled Zombie,,9910002,3,,,,,9910002,5,0,1,
9910010,Same,,9910010,3,,,,,9910010,5,0,1,
9910011,Slow,,9910011,3,,,,,9910011,5,0,1,
9910012,Really Slow,,9910012,3,,,,,9910012,5,0,1,
9910013,Fast,,9910013,3,,,,,9910013,5,0,1,
9910014,Really Fast,,9910014,3,,,,,9910014,5,0,1,
9910020,Dismemberment Test Zombie,,9910020,3,,,,,9910020,5,0,1,
9910021,Executioner for Equipment test,,9910021,,,,,,9910021,9,0,1,
9910022,Route Search 1,,9910022,1,,,,,9910022,1,0,1,
9910023,Route Search 2,,9910023,1,,,,,9910023,1,0,1,
9910024,Guard Search 1,,16101,,,,,,16101,60,0,1,
1,Flesh Golem,,1,2,,,,,1,5,0,1,
2,Hydra Plant,,2,1,,,,,2,2,0,1,
3,Black Fly,,3,1,,,,,3,7,0,1,
4,Greater Devil,,4,2,,,,,4,15,0,1,
5,Black Fly,,5,1,,,,,5,7,0,1,
6,Black Fly,,6,1,,,,,6,7,0,1,
7,Black Fly,,7,1,,,,,7,7,0,1,
8,Beetle,,8,1,,,,,8,7,0,1,
9,Zombie,,9,3,,,,,9,1,0,1,




























