#serialid,NPC名,,,,,,,,,,,レベル,二つ名、異名,竜の像タイプ,
10000001,Dwark,0,,,,,,0,5,0,0,99,Adventurer's Guild,0,
10000002,Wanda,0,,,,,,0,5,0,0,99,Innkeeper,0,
10000003,Guio,0,,,,,,0,5,0,0,99,Quopaty Priest,0,
10000004,Calarde,0,,,,,,0,5,0,0,99,Maiden of Isic,0,
10000005,Gardner,8,,,,,,0,5,0,0,99,Dungeon Guide,0,
10000006,Walrad,0,,,,,,0,5,0,0,99,Lookout,0,
10000007,Shanan,0,,,,,,0,5,0,0,99,Quopaty Monk,0,
10000008,Chelio,0,,,,,,0,5,0,0,99,Illfalo Resident,0,
10000009,Suzanne,0,,,,,,0,5,0,0,99,Illfalo Resident,0,
10000010,Donkey,0,,,,,,0,5,0,0,99,Items,0,
10000012,Nitano,0,,,,,,0,5,0,0,99,New Adventurer,0,
10000013,Olive,0,,,,,,0,5,0,0,99,Inn Staff,0,
10000014,Tenzut,0,,,,,,0,5,0,0,99,Quopaty Monk,0,
10000015,Steve,0,,,,,,0,5,0,0,99,Illfalo Resident,0,
10000016,Vega,0,,,,,,0,5,0,0,99,Illfalo Resident,0,
10000017,Bucomb,0,,,,,,0,5,0,0,99,Hooligan,0,
10000018,Larudy,0,,,,,,0,5,0,0,99,Illfalo Resident,0,
10000019,Abdul,0,,,,,,0,5,0,0,99,Adventurer's Guild Staff,0,
10000020,Katarina,0,,,,,,0,5,0,0,99,Shop Clerk,0,
10000021,Phoenica,0,,,,,,0,5,0,0,99,Party Receptionist,0,
10000022,Elize,0,,,,,,0,5,0,0,99,Shop Clerk,0,
10000023,Griel,0,,,,,,0,5,0,0,99,Shop Clerk,0,
10000028,Stark,0,,,,,,0,5,0,0,99,Drunkard,0,
10000029,Reese,0,,,,,,0,5,0,0,99,Homemaker,0,
10000030,Pilar,0,,,,,,0,5,0,0,99,Knight,0,
10000031,Marielle,0,,,,,,0,5,0,0,99,Illfalo Resident,0,
10000032,Vorge,0,,,,,,0,5,0,0,99,Hard Boiled,0,
10000033,Valvastan,0,,,,,,0,5,0,0,99,Blacksmith,0,
10000034,Valzzete,0,,,,,,0,5,0,0,99,Gatekeeper,0,
10000035,Hangbek,0,,,,,,0,5,0,0,99,Gatekeeper,0,
10000036,Neinbeit,0,,,,,,0,5,0,0,99,Guard,0,
10000037,Izorde,0,,,,,,0,5,0,0,99,Maiden of Isic,0,
10000038,Hilde,0,,,,,,0,5,0,0,99,Maiden of Isic,0,
10000039,Mizorg,0,,,,,,0,5,0,0,99,Chef,0,
10000040,Baygun,0,,,,,,0,5,0,0,99,Butcher,0,
10000041,Nonemus,0,,,,,,0,5,0,0,99,Illfalo Resident,0,
10000042,Marie,0,,,,,,0,5,0,0,99,Bar Hostess,0,
10000043,Elesoze,0,,,,,,0,5,0,0,99,Minstrel,0,
10000044,Supre,0,,,,,,0,5,0,0,99,Jeweler,0,
10000045,Don Voragon,0,,,,,,1000,1000,1,0,99,Treasure Hunter,0,
10000046,Simmons,6,0,0,0,,,0,5,0,0,99,Ghost,0,
10000047,Farvre,0,,,,,,0,5,0,0,99,Adventurer's Guild,0,
10000048,Otto,0,,,,,,0,5,0,0,99,Adventurer's Guild Staff,0,
10000049,Finks,0,,,,,,0,5,0,0,99,Illfalo Resident,0,
10000050,Eyk,0,,,,,,0,5,0,0,99,Illfalo Resident,0,
10000051,Mardo,0,,,,,,0,5,0,0,99,Illfalo Resident,0,
10000052,Wod Aran,0,,,,,,0,5,0,0,99,Key Maker,0,
10000053,Radrium,0,,,,,,0,5,0,0,99,Quopaty Monk,0,
10000054,Warno,0,,,,,,0,5,0,0,99,Town Crier,0,
10000055,Rolf,0,,,,,,0,5,0,0,99,Prison Guard,0,
10000056,Elena,0,,,,,,0,5,0,0,99,Party Receptionist,0,
10000096,Milio,0,,,,,,0,5,0,0,99,Event Guide,0,
10000097,Ar Kanvas,0,,,,,,0,5,0,0,99,Quopaty Monk,0,
10000098,El Boleas,0,,,,,,0,5,0,0,99,Priest Guild,0,
10000099,Calug,0,,,,,,0,5,0,0,99,Thief Guild,0,

#港,
10000101,Garnof,0,,,,,,0,5,0,0,99,Master,0,
10000102,Maynard,0,,,,,,0,5,0,0,99,Boss of the Port,0,
10000103,Lotte,0,,,,,,0,5,0,0,99,Merchant,0,
10000104,Thymus,0,,,,,,0,5,0,0,99,Illfalo Resident,0,
10000105,Jake,0,,,,,,0,5,0,0,99,Illfalo Resident,0,
10000106,Aina,0,,,,,,0,5,0,0,99,Illfalo Resident,0,
10000107,Evonne,0,,,,,,0,5,0,0,99,Illfalo Resident,0,
10000108,Rialle,0,,,,,,0,5,0,0,99,Training Area Keeper,0,
10000110,Voralge,0,,,,,,0,5,0,0,99,Future Inventor,0,
10000111,Bison,0,,,,,,0,5,0,0,99,Camp Area Clerk,0,
10000112,Al Tonia,0,,,,,,0,5,0,0,99,Quopaty Monk,0,
10000113,Baggis,0,,,,,,0,5,0,0,99,Blacksmith,0,
10000114,Dolfein,0,,,,,,0,5,0,0,99,Antique Dealer,0,
10000115,Dotsen,0,,,,,,0,5,0,0,99,Illfalo Resident,0,
10000117,Branford,0,,,,,,0,5,0,0,99,Adventurer's Guild Staff,0,
10000118,Supus,0,,,,,,1000,1000,1,0,99,Man with a Thousand Names,0,
10000119,Alejandros,0,,,,,,0,5,0,0,99,Lookout,0,
10000120,Tascard,0,,,,,,0,5,0,0,99,Camp Area Clerk,0,
10000121,Sogale,0,,,,,,0,5,0,0,99,Illfalo Resident,0,
10000122,Sol Vein,0,,,,,,0,5,0,0,99,Jeweler,0,
10000123,Settsun,0,,,,,,0,5,0,0,99,Promotion Codes,0,

#監獄,
10000201,Sadiq,0,,,,,,0,5,0,0,99,Warden,0,
10000202,Elrud,0,,,,,,0,5,0,0,99,Illfalo Resident,0,
10000203,Valq,0,,,,,,0,5,0,0,99,Hooligan,0,
10000204,Wes,0,,,,,,0,5,0,0,99,Hooligan,0,
10000205,Mikail,0,,,,,,0,5,0,0,99,Prison Keeper,0,
10000206,Rezal,0,,,,,,0,5,0,0,99,Hooligan,0,
10000209,Venduras,0,,,,,,0,5,0,0,99,Quopaty Monk,0,
10000210,Frette,7,0,0,0,,,0,5,0,0,99,Quopaty Monk Ghost,0,
10000211,Elenora,0,,,,,,0,5,0,0,99,Correction Bureau Chief,0,
10000212,Garian,0,,,,,,0,5,0,0,99,Gatekeeper,0,

#商業地区,
10000301,Vortak,0,,,,,,0,5,0,0,99,Item Shop,0,
10000302,Modamus,0,,,,,,0,5,0,0,99,Weapons Shop,0,
10000303,Leiv,0,,,,,,0,5,0,0,99,Armor Shop,0,
10000304,Tiye,0,,,,,,0,5,0,0,99,Magic Shop,0,
10000305,Garcia,0,,,,,,0,5,0,0,99,Blacksmith,0,
10000306,Herme,0,,,,,,0,5,0,0,99,Vortak's Items Clerk,0,
10000308,Ballack,0,,,,,,0,5,0,0,99,Weapon Shop Clerk,0,
10000309,Lois,0,,,,,,0,5,0,0,99,Armor Shop Clerk,0,
10000310,Valelu,0,,,,,,0,5,0,0,99,Magic Shop Clerk,0,
10000311,Gidol,0,,,,,,901,901,1,0,99,Blacksmith,0,
10000313,McCoy,0,,,,,,0,5,0,0,99,Helper,0,
10000316,Coupe,0,,,,,,0,5,0,0,99,Quopaty Monk,0,
10000317,Follic,0,,,,,,0,5,0,0,99,Illfalo Resident,0,
10000318,Luthor,0,,,,,,0,5,0,0,99,Magician,0,
10000319,Qushara,0,,,,,,0,5,0,0,99,Kebab Merchant,0,
10000320,Genlain,0,,,,,,0,5,0,0,99,Illfalo Resident,0,
10000321,Argus,0,,,,,,0,5,0,0,99,Illfalo Resident,0,
10000322,Paulson,0,,,,,,0,5,0,0,99,Lookout,0,
10000323,Maural,0,,,,,,0,5,0,0,99,Lookout,0,
10000324,Cordis,0,,,,,,0,5,0,0,99,Lookout,0,
10000325,Reinhardt,0,,,,,,0,5,0,0,99,Lookout,0,
10000326,Dalan,0,,,,,,0,5,0,0,99,Collector,0,
10000327,Curedan,0,,,,,,0,5,0,0,99,Crystal Artisan,0,
10000329,Schubert,0,,,,,,0,5,0,0,99,Jeweler,0,
10000397,Mr. Redrum,0,,,,,,0,5,1,0,99,Winter Spirit,0,
10000398,Gheric,0,,,,,,0,5,0,0,99,Fighter's Guild,0,
10000399,Lacho,0,,,,,,0,5,0,0,99,Mage Guild,0,

#スラム,
10000701,Raven,0,,,,,,0,5,0,0,99,Black Market Master,0,
10000702,Renton,0,,,,,,0,5,0,0,99,Blacksmith,0,
10000703,Priella,0,,,,,,0,5,0,0,99,Innkeeper,0,
10000704,Manaphes,8,0,0,50,,,0,5,0,0,99,Dungeon Guide,0,
10000705,Greg,0,,,,,,0,5,0,0,99,Adventurer's Guild Staff,0,
10000706,Maldine,0,,,,,,0,5,0,0,99,Quopaty Monk,0,
10000707,Visquez,0,,,,,,0,5,0,0,99,Slum Resident,0,
10000708,Pilio,0,,,,,,0,5,0,0,99,Slum Resident,0,
10000709,Arcan,0,,,,,,900,905,1,0,99,Slum Resident,0,
10000710,Ignagal,0,,,,,,0,5,0,0,99,Jeweler,0,
10000711,Fokker,6,0,0,0,,,0,5,0,0,99,Ghost,0,
10000712,Statham,0,,,,,,0,5,0,0,99,Quopaty Monk,0,
10000713,Liambal,0,,,,,,0,5,0,0,99,Locksmith,0,
10000799,Goodman,0,,,,,,0,5,0,0,99,Black Market Merchant,0,

#イルファーロ魔法局,
10000901,Shivanoff,0,,,,,,0,5,0,0,99,Official,0,
10000902,Zermu Terlu,0,,,,,,0,5,0,0,99,Prime Minister,0,
10000903,Gant,0,,,,,,0,5,0,0,99,Ministry Clerk,0,
10000904,Lungren,0,,,,,,0,5,0,0,99,Head of Security,0,
10000905,Gaspart,0,,,,,,0,5,0,0,99,Security,0,
10000906,Alise,0,,,,,,0,5,0,0,99,Employee,0,
10000907,Garp,0,,,,,,0,5,0,0,99,Safe Guard,0,
10000908,Pentas,0,,,,,,0,5,0,0,99,Security,0,
10000909,Phorrous,0,,,,,,0,5,0,0,99,Security,0,
10000910,Roudendall,0,,,,,,0,5,0,0,99,Head of Medicine,0,
10000911,Palacias,0,,,,,,0,5,0,0,99,Quopaty Monk,0,
10000912,Ivit,0,,,,,,0,5,0,0,99,Gatekeeper,0,
10000913,Moorecook,0,,,,,,0,5,0,0,99,Historian,0,

#チュートリアルNPC,
11000001,Alesche,0,,,,,,0,5,0,0,99,Adventurer,0,
11000002,Serge,0,,,,,,0,5,0,0,99,Adventurer,0,
11000003,Solgram,0,,,,,,0,5,0,0,99,Adventurer,0,
11000004,Ash,0,,,,,,0,5,0,0,99,Royal Shop Clerk,0,
11000005,Tempe,0,,,,,,0,5,0,0,99,Cloak Room Clerk,0,
11000006,Crimt,0,,,,,,0,5,0,0,99,Quopaty Priest,0,

#導入ダンジョン（試練場）NPC,
11001001,Irvin,0,,,,,,0,5,0,0,99,Battle Instructor,0,
11001002,Serbecos,0,,,,,,0,5,0,0,99,Quopaty Monk,0,
11001003,Azarm,0,,,,,,0,5,0,0,99,Dungeon Clerk,0,
11001004,Mitchell,0,,,,,,0,5,0,0,99,New Adventurer,0,

#ダンジョン配置,
#カリグラーゼ（2001101）構成配置,
20100106,Monty,6,0,0,0,,,0,5,0,0,99,Ghost,0,
20100107,Parky,6,0,0,0,,,0,5,0,0,99,Ghost,0,
20100108,Justine,6,0,0,0,,,0,5,0,0,99,Ghost,0,
20100109,Shuddlestein,0,,,,,,0,5,0,0,99,Adventurer,0,
20100110,Ulgus,0,,,,,,0,5,0,0,99,Cardinal,0,
20100111,Lasse,0,,,,,,0,5,0,0,99,Adventurer,0,
20100112,Urquenz,0,,,,,,0,5,0,0,99,Adventurer,0,
20100113,Bardon,0,,,,,,1000,1000,0,0,99,Treasure Hunter,0,
20100114,Stia,0,,,,,,0,5,0,0,99,Adventurer's Guild Staff,0,
20100115,Kurt,0,,,,,,213,213,1,1,99,Former Adventurer,0,
20100116,Kurt,0,,,,,,213,213,1,1,99,Former Adventurer,0,
20100117,Kurt,0,,,,,,213,213,1,1,99,Former Adventurer,0,

#ディルティス(ID:2001103)配置,
20103001,Horai,0,,,,,,0,5,0,0,99,Quopaty Monk,0,
20103002,Mighty Dog,0,,,,,,0,5,0,0,99,Budding Crook,0,
20103003,King Plumper,0,,,,,,0,5,0,0,99,The Junk Metal Chief,0,
20103004,Wecche,0,,,,,,0,5,0,0,99,Ne'er-do-well,0,
20103005,Birmingham,0,,,,,,0,5,0,0,99,Survey Chief,0,
20103006,Dozzio,0,,,,,,0,5,0,0,99,Survey Staff,0,
20103007,Salbacos,0,,,,,,0,5,0,0,99,Survey Staff,0,
20103008,Anser,0,,,,,,0,5,0,0,99,Medic,0,
20103009,Inthor,0,,,,,,0,5,0,0,99,Adventurer,0,
20103010,Dolbacky,0,,,,,,0,5,0,0,99,The Junk Metal member,0,
20103011,Eight,0,,,,,,0,5,0,0,99,Fire Cracker Member,0,
20103012,Seventh Arrow,0,,,,,,0,5,0,0,99,Fire Cracker Member,0,
20103013,Mirros,0,,,,,,1000,1000,0,0,99,Treasure Hunter,0,

#カオカ・パラージ遺跡(ID:2002101)配置,
22101001,Marne,7,0,0,0,,,0,5,0,0,99,Ghost,0,
22101002,Miss Glenda,7,0,0,0,,,0,5,0,0,99,Ghost,0,
22101003,Mikhail,0,,,,,,0,5,0,0,99,Friendly Monster,0,
22101004,Kuhien,0,,,,,,0,5,0,0,99,Friendly Monster,0,
22101005,Yesker,0,,,,,,0,5,0,0,99,Adventurer,0,
22101006,Iandor,0,,,,,,1000,1000,0,0,99,Treasure Hunter,0,

#チコル城址(ID:2003101)配置,
23101001,Albus,0,,,,,,0,5,0,0,99,Adventurer,0,
23101002,Lord Midnight,7,0,0,0,,,0,5,0,0,99,Sir Ghost,0,
23101003,Mayharn,0,,,,,,0,5,0,0,99,Adventurer,0,
23101004,Mrs. Lumley,7,0,0,0,,,0,5,0,0,99,Madam Ghost,0,
23101005,Clubopuss,0,,,,,,0,5,0,0,99,Adventurer,0,
23101006,Alford,7,0,0,0,,,0,5,0,0,99,Laborer Ghost,0,
23101007,Chelsea,7,0,0,0,,,0,5,0,0,99,Servant Ghost,0,
23101008,Bozo,0,,,,,,1000,1000,0,0,99,Treasure Hunter,0,

#アリア川貯水窟(ID:2001105)配置,
21105001,Virginia,0,,,,,,0,5,0,0,99,Survey Boss,0,
21105002,Quartino,0,,,,,,0,5,0,0,99,Survey Member,0,
21105003,Drawsen,0,,,,,,0,5,0,0,99,Survey Member,0,
21105004,Vaskovich,0,,,,,,0,5,0,0,99,Survey Member,0,
21105005,Vaskilla,0,,,,,,0,5,0,0,99,Survey Member,0,
21105006,Matra,0,,,,,,0,5,0,0,99,Adventurer,0,

#アリア川貯水窟地下２階(ID:2001106)配置,
21106001,Magrass,0,,,,,,0,5,0,0,99,Survey Member,0,
21106002,Correlbus,0,,,,,,0,5,0,0,99,Survey Member,0,
21106003,Tosburn,0,,,,,,0,5,0,0,99,Survey Member,0,
21106004,Galburf,0,,,,,,302,302,1,0,99,Survey Member,0,
21106005,Jalleo,0,,,,,,0,5,0,0,99,Medic,0,
21106006,Petrified Survey Member,9,0,0,-100,,,214,214,1,0,99,,0,
21106007,Petrified Survey Member,9,0,0,-100,,,214,214,1,0,99,,0,
21106008,Petrified Survey Member,9,0,0,-100,,,214,214,1,0,99,,0,
21106009,Murdered Survey Member,0,,,,,,214,214,1,0,99,,0,
21106010,Murdered Survey Member,0,,,,,,214,214,1,0,99,,0,
21106011,Murdered Survey Member,0,,,,,,214,214,1,0,99,,0,

#黄龍の神殿跡 万傷の踏路(ID:2002102)配置,
22102001,Overon,7,0,0,0,,,0,5,0,0,99,Embodiment of the Priest,0,
22102002,Pianetti,0,,,,,,1000,1000,0,0,99,Treasure Hunter,0,
22102003,Namith,0,,,,,,0,0,0,0,99,Treasure Hunter,0,
,,,,,,,,,5,
#フィル・エリンの間(ID:2002103)配置,,,,,,,,,5,
22103001,Titanis,7,0,0,0,,,0,5,0,0,99,Embodiment of the Priest,0,
,,,,,,,,,5,
#忘却の寺院1階(ID:2003102)配置,,,,,,,,,5,
23102001,Hollisis,7,0,0,0,,,0,5,0,0,99,Ruins Ghost,0,
23102002,Onubis,7,0,0,0,,,0,5,0,0,99,Quopaty Monk Ghost,0,
23102003,Bastitte,7,0,0,0,,,0,5,0,0,99,Quopaty Monk Ghost,0,
,,,,,,,,,5,
#忘却の寺院2階(ID:2003103)配置,,,,,,,,,5,
23103001,Aptum,7,0,0,0,,,0,5,0,0,99,Ruins Ghost,0,
,,,,,,,,,5,
#旧地下水路地下2階(ID:2001003)配置,
21003001,Miguel Hagwell,0,,,,,,0,5,0,0,99,Crazy Chemist,0,
21003002,Helmut,0,,,,,,0,5,0,0,99,Adventurer,0,
21003003,Jiminy,0,,,,,,0,5,0,0,99,Friendly Monster,0,
21003005,Engles,0,,,,,,0,5,0,0,99,Survey Staff,0,
21003006,Valgani,0,,,,,,0,5,0,0,99,Survey Staff,0,
21003007,Bephus,0,,,,,,0,5,0,0,99,Survey Staff,0,
,,,,,,,,,5,
#旧地下水路地下3階への通路(ID:2001004)配置,,,,,,,,,5,
21004001,Sam,0,,,,,,0,5,0,0,99,Sewer Worker,0,
,,,,,,,,,5,
#旧地下水路地下3階(ID:2001005)配置,
21006001,Yuquiss,0,,,,,,0,5,0,0,99,Receptionist,0,
21006002,Gariel,0,,,,,,0,5,0,0,99,Porkul Twins,0,
21006003,Johanne,0,,,,,,0,5,0,0,99,Receptionist,0,
21006004,Graham,0,,,,,,0,5,0,0,99,Porkul Twins,0,
21006005,Injollia,0,,,,,,0,5,0,0,99,Receptionist,0,
21006006,Deepforest,0,,,,,,0,5,0,0,99,Survey Boss,0,
21006007,Elizabeth,0,,,,,,0,5,0,0,99,Dirty Aristocrat,0,
21006008,Solneik,0,,,,,,0,5,0,0,99,Reseller,0,
21006009,Madalia,0,,,,,,501,501,1,0,99,Royal Lady,0,
21006010,Rodrio,0,,,,,,0,5,0,0,99,Craftsman,0,
21006011,Zararn,0,,,,,,0,5,0,0,99,Underground Shop,0,
21006012,Velonat,0,,,,,,0,5,0,0,99,Good for Nothing,0,
21006013,Claudus,0,,,,,,0,5,0,0,99,Catcher,0,
21006014,Douglas,0,,,,,,0,5,0,0,99,Catcher,0,
21006015,Dorolizza,0,,,,,,0,5,0,0,99,Gambler,0,
21006016,Cenroazz,0,,,,,,0,5,0,0,99,Survey Member,0,
21006017,Zevitz,0,,,,,,0,5,0,0,99,Adventurer,0,
21006018,Bolgrasse,0,,,,,,0,5,0,0,99,Survey Member,0,
21006019,Sellafort,0,,,,,,0,5,0,0,99,Information,0,
21006020,Caroline,0,,,,,,0,5,0,0,99,Massage Therapist,0,
21006021,Ardantes,0,,,,,,501,501,1,0,99,Special Massage Therapist,0,
21006022,Miravelle,0,,,,,,302,302,1,0,99,Royal Lady,0,
21006023,Sellafile,0,,,,,,901,901,1,0,99,Royal Lady,0,
21006024,Pirelle,0,,,,,,0,5,0,0,99,Lookout,0,
21006025,Liam,0,,,,,,901,901,1,0,99,Snacks,0,
21006026,Maria,0,,,,,,901,901,1,0,99,Break Monitor,0,
21006027,Ardanis,0,,,,,,0,5,0,0,99,Boy,0,
21006028,Kurt,0,,,,,,0,5,0,0,99,Former Adventurer,0,
21006029,Donkey,0,,,,,,213,213,1,0,99,Drunkard,0,
21006030,Dorvacos,0,,,,,,302,302,1,0,99,Survey Member,0,
21006031,Daredevil,0,,,,,,0,5,0,0,99,Friendly Monster,0,
21006032,Lulurilia,0,,,,,,0,5,0,0,99,Royal Lady,0,
21006033,Ilshanti,0,,,,,,0,5,0,0,99,Royal Lady,0,

#旧地下水路地下5階(ID:2004102)配置,,,,,,,,,5,
21005001,Valfrette,0,,,,,,302,302,1,0,99,Survey Member,0,

#アッザームの試練場(ID:2001051)配置,,,,,,,,,5,
21051001,Kurt,0,,,,,,213,213,1,1,99,Former Adventurer,0,

#ロサワルド水没砦1階(ID:2002104)配置,,,,,,,,,5,

#ロサワルド水没砦2階(ID:2002105)配置,,,,,,,,,5,
21009001,Zaherl,0,0,0,0,,,0,5,0,0,99,Inoverche,0,
21009002,Ahkeem,0,0,0,0,,,0,5,0,0,99,Inoverche,0,
21009003,Stevan,0,0,0,0,,,0,5,0,0,99,Inoverche,0,

#ロサワルド水没砦3階(ID:2002106)配置,,,,,,,,,5,
21010001,Valoori,0,0,0,0,,,0,5,0,0,99,Inoverche,0,
21010002,Danile,0,0,0,0,,,0,5,0,0,99,Inoverche,0,
21010003,Isai,0,0,0,0,,,0,5,0,0,99,Inoverche,0,
21010004,Malhart,0,0,0,0,,,0,5,0,0,99,Inoverche,0,
21010005,Yaroslev,0,0,0,0,,,0,5,0,0,99,Inoverche,0,

#荒廃の廓1F(ID:2003104),
21011001,Duram,0,0,0,0,,,0,5,0,0,99,Inoverche,0,
21011002,Harbit,0,0,0,0,,,0,5,0,0,99,Courier,0,
21011003,Khubli-yan,0,0,0,0,,,0,5,0,0,99,Inoverche,0,
21011004,Maria,0,,,,,,901,901,1,0,99,Test Subject,0,
21011005,Czarchenko,0,0,0,0,,,0,5,0,0,99,Inoverche,0,

#荒廃の廓2F(ID:2003105),
21011101,Vera,0,,,,,,0,5,0,0,99,Test Subject,0,
21011102,Somaiev,0,0,0,0,,,0,5,0,0,99,Inoverche,0,
21011103,Germanovich,0,0,0,0,,,213,213,1,0,99,Inoverche,0,
21011104,Simione,0,0,0,0,,,0,5,0,0,99,Inoverche,0,
21011105,Disposed Body,0,0,0,0,,,213,213,1,0,99,Inoverche,0,
21011106,Disposed Body,0,0,0,0,,,213,213,1,0,99,Inoverche,0,
21011107,Disposed Body,0,0,0,0,,,213,213,1,0,99,Test Subject,0,
21011108,Disposed Body,0,0,0,0,,,213,213,1,0,99,Test Subject,0,
21011109,Disposed Body,0,0,0,0,,,213,213,1,0,99,Test Subject,0,
21011110,Disposed Body,0,0,0,0,,,213,213,1,0,99,Test Subject,0,
21011111,Disposed Body,0,0,0,0,,,213,213,1,0,99,Test Subject,0,
21011112,Lavrench,6,0,0,0,,,0,5,0,0,99,Inoverche,0,

#13号施設1階(ID:2004106)配置,,,,,,,,,5,
21012001,Barmond,0,0,0,0,,,0,5,0,0,99,Inoverche,0,
21012002,Dogman,0,0,0,0,,1,0,5,1,0,99,Test Subject,0,
21012003,Dalua Mk. 13,0,0,0,0,,1,0,5,1,0,99,Test Subject,0,
21012004,Mr. Slimy,0,0,0,0,,1,0,5,1,0,99,Test Subject,0,

#DIRコラボダンジョン：ロビー(ID:2003051)配置,
24000001,Rotten Bird Lord,0,,,,,,0,5,0,0,99,DIR EN GREY,0,
24000002,Lord of the Flies,0,,,,,,0,5,0,0,99,DIR EN GREY,0,
24000003,Dawn Lord,0,,,,,,0,5,0,0,99,DIR EN GREY,0,
24000004,Lord of the Nest,0,,,,,,0,5,0,0,99,DIR EN GREY,0,
24000005,Lord of Obscurity,0,,,,,,0,5,0,0,99,DIR EN GREY,0,
24000006,Death Croaker,0,,,,,,0,5,0,0,99,Disconcerting Safe Guard,0,

#サブダンジョン：夢幻の試練場(ID:2002015)配置,
24001001,Illusion of Isic,7,0,0,0,,,0,5,0,0,99,Guardian,0,
24001101,Illusion of Isic,7,0,0,0,,,0,5,0,0,99,Guardian,0,
24001201,Illusion of Isic,7,0,0,0,,,0,5,0,0,99,Guardian,0,
24001202,Illusion of Isic,7,0,0,0,,,0,5,0,0,99,Guardian,0,
24001203,Illusion of Isic,7,0,0,0,,,0,5,0,0,99,Guardian,0,
24001204,Supus,7,0,0,0,,,1000,1000,1,0,99,Holy warrior of Isic,0,

#オブジェクト,
70000002,Guardian's Statue,0,,,,,,0,5,0,0,1,,1,
70000003,Guardian's Statue,0,,,,,,0,5,0,0,1,,1,
70000008,,1,0,0,180,,,0,5,0,0,1,,0,
70000010,,1,0,0,180,,,0,5,0,0,1,,0,
70000011,,1,0,0,180,,,0,5,0,0,1,,0,
70000012,,1,0,0,180,,,0,5,0,0,1,,0,
70000025,,1,0,0,180,,,0,5,0,0,1,,0,
70000028,BBS,1,0,0,220,,,0,5,0,0,1,,0,
70000029,Lost BBS,1,0,0,220,,,0,5,0,0,1,,0,
70000037,Toilet,1,0,0,100,,,0,5,0,0,1,,0,
70000038,Grave of Higeo,1,0,0,100,,,0,5,0,0,1,,0,
70000039,Bounty BBS,1,0,0,180,,,0,5,0,0,1,,0,
70001001, ,0,,,,,,0,5,0,0,1,,0,
70001002,Broken Signpost,0,,,,,,0,5,0,0,1,,0,
70009001,,1,0,0,180,,,0,5,0,0,1,,0,
70009002,,1,0,0,180,,,0,5,0,0,1,,0,
70009003,,1,0,0,180,,,0,5,0,0,1,,0,
70009004,,1,0,0,180,,,0,5,0,0,1,,0,
70009005,,1,0,0,180,,,0,5,0,0,1,,0,
70009006,,1,0,0,180,,,0,5,0,0,1,,0,
70009007,,1,0,0,180,,,0,5,0,0,1,,0,
70009008,,1,0,0,180,,,0,5,0,0,1,,0,
71000004,Decaying Corpse,1,0,0,20,,,0,5,0,0,1,,0,

#カリグラーゼ（ID：2001101)配置,
74000001,Dark Angel Statue,0,0,0,0,,,0,5,0,1,1,,0,
74000004,,1,0,0,20,,,0,5,0,0,1,,0,
74000005,,1,0,0,20,,,0,5,0,0,1,,0,
74000006,Dark Angel Statue,0,0,0,0,,,0,5,0,1,1,,0,
74000007,Junk Pile,1,0,0,80,,,0,5,0,0,1,,0,
74000008,Junk Pile,1,0,0,80,,,0,5,0,0,1,,0,
74000009,,1,0,0,20,,,0,5,0,0,1,,0,
74000010,Junk Pile,1,0,0,80,,,0,5,0,0,1,,0,
74000011,Dark Angel Statue,0,0,0,0,,,0,5,0,1,1,,0,
74000012,,1,0,0,180,,,0,5,0,0,1,,0,
74000013,,1,0,0,180,,,0,5,0,0,1,,0,
74000014,Junk Pile,1,0,0,80,,,0,5,0,0,1,,0,
74000017,,1,0,0,180,,,0,5,0,0,1,,0,
74000018,Switch,1,0,0,180,,,0,5,0,0,1,,0,
74000019,Switch,1,0,0,180,,,0,5,0,0,1,,0,
74000020,Switch,1,0,0,180,,,0,5,0,0,1,,0,
74000021,Switch,1,0,0,180,,,0,5,0,0,1,,0,
74000022,Recovery Spring,1,0,0,180,,,0,5,0,0,1,,0,
74000023,Recovery Spring,1,0,0,180,,,0,5,0,0,1,,0,
74000024,Recovery Spring,1,0,0,180,,,0,5,0,0,1,,0,
74000026,Recovery Spring,1,0,0,180,,,0,5,0,0,1,,0,
74000025,Junk Pile,1,0,0,80,,,0,5,0,0,1,,0,
74000051,Decaying Corpse,1,0,0,20,,,0,5,0,0,1,,0,
74000052,,1,0,0,0,,,0,5,0,0,1,,0,

#ディルティス(ID:2001103)配置,
74001001,Dark Angel Statue,0,0,0,0,,,0,5,0,1,1,,0,
74001002,Teleport Machine,5,0,0,0,,,0,5,0,0,1,,0,
74001003,Polisher,1,0,0,250,,,0,5,0,0,1,,0,
74001004,Condenser,1,0,0,250,,,0,5,0,0,1,,0,
74001005,Dark Angel Statue,0,0,0,0,,,0,5,0,1,1,,0,
74001006,,1,0,0,180,,,0,5,0,0,1,,0,
74001007,,1,0,0,180,,,0,5,0,0,1,,0,
74001008,Recovery Spring,1,0,0,180,,,0,5,0,0,1,,0,

#カオカ・パラージ遺跡(ID:2002101)配置,
74002001,Dark Angel Statue,0,0,0,0,,,0,5,0,1,1,,0,
74002002,Dark Angel Statue,0,0,0,0,,,0,5,0,1,1,,0,
74002003,Dark Angel Statue,0,0,0,0,,,0,5,0,1,1,,0,
74002004,Carniverous Plant,1,0,0,220,,,0,5,0,0,1,,0,
74002005,Junk Pile,1,0,0,80,,,0,5,0,0,1,,0,
74002006,Junk Pile,1,0,0,80,,,0,5,0,0,1,,0,
74002007,Junk Pile,1,0,0,80,,,0,5,0,0,1,,0,
74002008,Junk Pile,1,0,0,80,,,0,5,0,0,1,,0,
74002009,Junk Pile,1,0,0,80,,,0,5,0,0,1,,0,
74002010,Junk Pile,1,0,0,80,,,0,5,0,0,1,,0,
74002011,Grave,1,0,0,180,,,0,5,0,0,1,,0,
74002012,Grave,1,0,0,180,,,0,5,0,0,1,,0,
74002013,Grave,1,0,0,180,,,0,5,0,0,1,,0,
74002014,Grave,1,0,0,180,,,0,5,0,0,1,,0,
74002015,,1,0,0,150,,,0,5,0,0,1,,0,
74002016,Carniverous Plant,1,0,0,220,,,0,5,0,0,1,,0,
74002017,Carniverous Plant,1,0,0,220,,,0,5,0,0,1,,0,

#チコル城址(ID:2003101)配置,
74003001,Teleport Machine,5,0,0,0,,,0,5,0,0,1,,0,
74003002,Teleport Machine,5,0,0,0,,,0,5,0,0,1,,0,
74003003,Teleport Machine,5,0,0,0,,,0,5,0,0,1,,0,
74003004,Switch,1,0,0,180,,,0,5,0,0,1,,0,
74003005,Dark Angel Statue,0,0,0,0,,,0,5,0,1,1,,0,
74003006,Dark Angel Statue,0,0,0,0,,,0,5,0,1,1,,0,
74003007,Dark Angel Statue,0,0,0,0,,,0,5,0,1,1,,0,
74003008,Sculpture,1,0,0,290,,,0,5,0,0,1,,0,
74003009,,1,0,0,180,,,0,5,0,0,1,,0,
74003010,Junk Pile,1,0,0,80,,,0,5,0,0,1,,0,
74003011,Junk Pile,1,0,0,80,,,0,5,0,0,1,,0,
74003012,Junk Pile,1,0,0,80,,,0,5,0,0,1,,0,
74003013,Junk Pile,1,0,0,80,,,0,5,0,0,1,,0,
74003014,,1,0,0,180,,,0,5,0,0,1,,0,

#アリア川貯水窟(ID:2001105)配置,
74004001,Teleport Machine,5,0,0,0,,,0,5,0,0,1,,0,
74004002,Teleport Machine,5,0,0,0,,,0,5,0,0,1,,0,
74004003,Teleport Machine,5,0,0,0,,,0,5,0,0,1,,0,
74004004,Teleport Machine,5,0,0,0,,,0,5,0,0,1,,0,
74004005,Dark Angel Statue,0,0,0,0,,,0,5,0,1,1,,0,
74004006,Dark Angel Statue,0,0,0,0,,,0,5,0,1,1,,0,
74004007,Phantom Beast Statue,0,0,0,0,,,0,5,0,0,1,,0,
74004008,Dark Angel Statue,0,0,0,0,,,0,5,0,1,1,,0,
74004009,Ticket Machine,1,0,0,180,,,0,5,0,0,1,,0,
74004010,Ticket Machine,1,0,0,180,,,0,5,0,0,1,,0,
74004011,Ticket Machine,1,0,0,180,,,0,5,0,0,1,,0,
74004012,Apple Scale,1,4,-38,192,,,0,5,0,0,1,,0,
74004013,Dagger Scale,1,-38,-5,192,,,0,5,0,0,1,,0,
74004014,Skull Scale,1,-38,-5,192,,,0,5,0,0,1,,0,
74004015,,1,0,0,180,,,0,5,0,0,1,,0,
74004016,Plucked Wing,1,0,0,180,,,0,5,0,0,1,,0,
74004017,Broken Horn,1,0,0,180,,,0,5,0,0,1,,0,
74004018,Feet of Many Horses,1,0,0,180,,,0,5,0,0,1,,0,
74004019,,1,0,0,180,,,0,5,0,0,1,,0,
74004020,Phantom Beast Statue,1,0,-42,170,,,0,5,0,0,1,,0,
74004021,,1,0,0,180,,,0,5,0,0,1,,0,
74004022,Statue,1,0,0,290,,,0,5,0,0,1,,0,
74004023,Recovery Spring,1,0,0,180,,,0,5,0,0,1,,0,
74004024,Recovery Spring,1,0,0,180,,,0,5,0,0,1,,0,
74004025,Recovery Spring,1,0,0,180,,,0,5,0,0,1,,0,
74004026,,1,0,0,180,,,0,5,0,0,1,,0,
74004027,,1,0,0,180,,,0,5,0,0,1,,0,

#アリア川貯水窟地下２階(ID:2001106)配置,
74004101,Dark Angel Statue,0,0,0,0,,,0,5,0,1,1,,0,
74004102,Dark Angel Statue,0,0,0,0,,,0,5,0,1,1,,0,
74004103,Dark Angel Statue,0,0,0,0,,,0,5,0,1,1,,0,
74004104,Knight Statue,1,0,0,290,,,0,5,0,0,1,,0,
74004105,Knight Statue,1,0,0,290,,,0,5,0,0,1,,0,
74004106,Knight Statue,1,0,0,290,,,0,5,0,0,1,,0,
74004107,Knight Statue,1,0,0,290,,,0,5,0,0,1,,0,
74004108,Dancer of the Morning Mist,1,0,0,290,,,0,5,0,0,1,,0,
74004109,Dancer of the Dusk Rain,1,0,0,290,,,0,5,0,0,1,,0,
74004110,Dancer of Butterflies,1,0,0,290,,,0,5,0,0,1,,0,
74004111,Dancer of Flowers,1,0,0,290,,,0,5,0,0,1,,0,
74004112,Dancer of Raindrops,1,0,0,290,,,0,5,0,0,1,,0,
74004113,Dancer of Arbor,1,0,0,290,,,0,5,0,0,1,,0,
74004114,Dancer of Twilight,1,0,0,290,,,0,5,0,0,1,,0,
74004115,Dancer of the Morning Star,1,0,0,290,,,0,5,0,0,1,,0,
74004116,Rubble Pile,1,0,0,80,,,0,5,0,0,1,,0,
74004117,Rubble Pile,1,0,0,80,,,0,5,0,0,1,,0,
74004118,Rubble Pile,1,0,0,80,,,0,5,0,0,1,,0,
74004119,Rubble Pile,1,0,0,80,,,0,5,0,0,1,,0,
74004120,False Mirror,1,0,0,180,,,0,5,0,0,1,,0,
74004121,,1,0,0,180,,,0,5,0,0,1,,0,
74004122,,1,0,0,180,,,0,5,0,0,1,,0,
74004123,Recovery Spring,1,0,0,180,,,0,5,0,0,1,,0,
74004124,Recovery Spring,1,0,0,180,,,0,5,0,0,1,,0,

#黄龍の神殿跡 万傷の踏路(ID:2002102)配置,
74005001,Teleport Machine,5,0,0,0,,,0,5,0,0,1,,0,
74005002,Teleport Machine,5,0,0,0,,,0,5,0,0,1,,0,
74005003,Teleport Machine,5,0,0,0,,,0,5,0,0,1,,0,
74005004,Teleport Machine,5,0,0,0,,,0,5,0,0,1,,0,
74005005,Teleport Machine,5,0,0,0,,,0,5,0,0,1,,0,
74005006,Teleport Machine,5,0,0,0,,,0,5,0,0,1,,0,
74005007,Teleport Machine,5,0,0,0,,,0,5,0,0,1,,0,
74005008,Teleport Machine,5,0,0,0,,,0,5,0,0,1,,0,
74005009,Teleport Machine,5,0,0,0,,,0,5,0,0,1,,0,
74005010,Dark Angel Statue,0,0,0,0,,,0,5,0,1,1,,0,
74005011,Dark Angel Statue,0,0,0,0,,,0,5,0,1,1,,0,
74005012,Dark Angel Statue,0,0,0,0,,,0,5,0,1,1,,0,
74005013,Dark Angel Statue,0,0,0,0,,,0,5,0,1,1,,0,
74005014,,1,0,0,180,,,0,5,0,0,1,,0,
74005015,,1,0,0,180,,,0,5,0,0,1,,0,
74005016,,1,0,0,180,,,0,5,0,0,1,,0,
74005017,Switch,1,0,0,180,,,0,5,0,0,1,,0,
74005018,,1,0,0,180,,,0,5,0,0,1,,0,
74005019,,1,0,0,180,,,0,5,0,0,1,,0,
74005020,,1,0,0,180,,,0,5,0,0,1,,0,
74005021,Switch,1,0,0,180,,,0,5,0,0,1,,0,
74005022,,1,0,0,180,,,0,5,0,0,1,,0,
74005023,,1,0,0,180,,,0,5,0,0,1,,0,
74005024,,1,0,0,180,,,0,5,0,0,1,,0,
74005025,Switch,1,0,0,180,,,0,5,0,0,1,,0,
74005026,,1,0,0,180,,,0,5,0,0,1,,0,
74005027,Recovery Spring,1,0,0,180,,,0,5,0,0,1,,0,
74005028,Recovery Spring,1,0,0,180,,,0,5,0,0,1,,0,
74005029,Recovery Spring,1,0,0,180,,,0,5,0,0,1,,0,
74005030,,1,0,0,180,,,0,5,0,0,1,,0,

#フィル・エリンの間(ID:2002103)配置,
74005101,Teleport Machine,5,0,0,0,,,0,5,0,0,1,,0,
74005102,Teleport Machine,5,0,0,0,,,0,5,0,0,1,,0,
74005103,Teleport Machine,5,0,0,0,,,0,5,0,0,1,,0,
74005104,Teleport Machine,5,0,0,0,,,0,5,0,0,1,,0,
74005105,Teleport Machine,5,0,0,0,,,0,5,0,0,1,,0,
74005106,Teleport Machine,5,0,0,0,,,0,5,0,0,1,,0,
74005107,Teleport Machine,5,0,0,0,,,0,5,0,0,1,,0,
74005108,Teleport Machine,5,0,0,0,,,0,5,0,0,1,,0,
74005109,Teleport Machine,5,0,0,0,,,0,5,0,0,1,,0,
74005110,Teleport Machine,5,0,0,0,,,0,5,0,0,1,,0,
74005111,Dark Angel Statue,0,0,0,0,,,0,5,0,1,1,,0,
74005112,Dark Angel Statue,0,0,0,0,,,0,5,0,1,1,,0,
74005113,Dark Angel Statue,0,0,0,0,,,0,5,0,1,1,,0,
74005114,,1,0,0,180,,,0,5,0,0,1,,0,
74005115,,1,0,0,180,,,0,5,0,0,1,,0,
74005116,,1,0,0,180,,,0,5,0,0,1,,0,
74005117,,1,0,0,180,,,0,5,0,0,1,,0,
74005118,Switch,1,0,0,180,,,0,5,0,0,1,,0,
74005119,,1,0,0,180,,,0,5,0,0,1,,0,
74005120,,1,0,0,180,,,0,5,0,0,1,,0,
74005121,,1,0,0,180,,,0,5,0,0,1,,0,
74005122,Switch,1,0,0,180,,,0,5,0,0,1,,0,
74005123,,1,0,0,180,,,0,5,0,0,1,,0,
74005124,,1,0,0,180,,,0,5,0,0,1,,0,
74005125,,1,0,0,180,,,0,5,0,0,1,,0,
74005126,Switch,1,0,0,180,,,0,5,0,0,1,,0,
74005127,Altar,1,0,0,180,,,0,5,0,0,1,,0,
74005128,Junk Pile,1,0,0,80,,,0,5,0,0,1,,0,
74005129,Junk Pile,1,0,0,80,,,0,5,0,0,1,,0,
74005130,Junk Pile,1,0,0,80,,,0,5,0,0,1,,0,
74005131,Junk Pile,1,0,0,80,,,0,5,0,0,1,,0,
74005132,Junk Pile,1,0,0,80,,,0,5,0,0,1,,0,
74005133,,1,0,0,180,,,0,5,0,0,1,,0,
74005134,Recovery Spring,1,0,0,180,,,0,5,0,0,1,,0,
74005135,Recovery Spring,1,0,0,180,,,0,5,0,0,1,,0,

#忘却の寺院1階(ID:2003102)配置,
74006001,Teleport Machine,5,0,0,0,,,0,5,0,0,1,,0,
74006002,Teleport Machine,5,0,0,0,,,0,5,0,0,1,,0,
74006003,Dark Angel Statue,0,0,0,0,,,0,5,0,1,1,,0,
74006004,Dark Angel Statue,0,0,0,0,,,0,5,0,1,1,,0,
74006005,Dark Angel Statue,0,0,0,0,,,0,5,0,1,1,,0,
74006006,Switch,1,0,0,180,,,0,5,0,0,1,,0,
74006007,Slate of Knowledge,1,0,0,180,,,0,5,0,0,1,,0,
74006008,Slate of Knowledge,1,0,0,180,,,0,5,0,0,1,,0,
74006009,Slate of Knowledge,1,0,0,180,,,0,5,0,0,1,,0,
74006010,Statue of the Deceased,1,0,0,290,,,0,5,0,0,1,,0,
74006011,Statue of the Grave Guard,1,0,0,290,,,0,5,0,0,1,,0,
74006012,Statue of the Judge,1,0,0,290,,,0,5,0,0,1,,0,
74006013,Directing Statue,1,0,0,290,,,0,5,0,0,1,,0,
74006014,Rubble Pile,1,0,0,80,,,0,5,0,0,1,,0,
74006015,Rubble Pile,1,0,0,80,,,0,5,0,0,1,,0,
74006016,Sparkling Scales,1,0,-45,170,,,0,5,0,0,1,,0,
74006017,Sparkling Scales,1,45,0,170,,,0,5,0,0,1,,0,
74006018,Sparkling Scales,1,0,-45,170,,,0,5,0,0,1,,0,
74006019,,1,0,0,180,,,0,5,0,0,1,,0,
74006020,,1,0,0,180,,,0,5,0,0,1,,0,
74006021,Recovery Spring,1,0,0,180,,,0,5,0,0,1,,0,

#忘却の寺院2階(ID:2003103)配置,
74006101,Teleport Machine,5,0,0,0,,,0,5,0,0,1,,0,
74006102,Dark Angel Statue,0,0,0,0,,,0,5,0,1,1,,0,
74006103,Dark Angel Statue,0,0,0,0,,,0,5,0,1,1,,0,
74006104,Dark Angel Statue,0,0,0,0,,,0,5,0,1,1,,0,
74006105,Switch,1,0,0,180,,,0,5,0,0,1,,0,
74006106,Slate of Knowledge,1,0,0,180,,,0,5,0,0,1,,0,
74006107,Slate of Knowledge,1,0,0,180,,,0,5,0,0,1,,0,
74006108,Slate of Knowledge,1,0,0,180,,,0,5,0,0,1,,0,
74006109,Slate of Knowledge,1,0,0,180,,,0,5,0,0,1,,0,
74006110,Rubble Pile,1,0,0,80,,,0,5,0,0,1,,0,
74006111,Rubble Pile,1,0,0,80,,,0,5,0,0,1,,0,
74006112,Soul Torch,15,0,0,0,,,0,5,0,0,1,,0,
74006113,Soul Torch,15,0,0,0,,,0,5,0,0,1,,0,
74006114,Soul Torch,15,0,0,0,,,0,5,0,0,1,,0,
74006115,Soul Torch,13,0,0,0,,,0,5,0,0,1,,0,
74006116,Soul Torch,13,0,0,0,,,0,5,0,0,1,,0,
74006117,Soul Torch,13,0,0,0,,,0,5,0,0,1,,0,
74006118,Soul Torch,14,0,0,0,,,0,5,0,0,1,,0,
74006119,Soul Torch,14,0,0,0,,,0,5,0,0,1,,0,
74006120,Soul Torch,14,0,0,0,,,0,5,0,0,1,,0,
74006121,Switch,1,0,0,180,,,0,5,0,0,1,,0,
74006122,Slate of Knowledge,1,0,0,180,,,0,5,0,0,1,,0,
74006123,Slate of Knowledge,1,0,0,180,,,0,5,0,0,1,,0,
74006124,Slate of Knowledge,1,0,0,180,,,0,5,0,0,1,,0,
74006125,Slate of Knowledge,1,0,0,180,,,0,5,0,0,1,,0,
74006126,Slate of Knowledge,1,0,0,180,,,0,5,0,0,1,,0,
74006127,Slate of Knowledge,1,0,0,180,,,0,5,0,0,1,,0,
74006128,Slate of Knowledge,1,0,0,180,,,0,5,0,0,1,,0,
74006129,Recovery Spring,1,0,0,180,,,0,5,0,0,1,,0,
74006130,Recovery Spring,1,0,0,180,,,0,5,0,0,1,,0,

#旧地下水路:NPCのserialid:74008xyy x=階数 yy=id,
#旧地下水路B1F(ID:2001001),
74008001,Rosemarry,0,,,,,,0,5,0,0,99,Balboa Family Receptionist,0,
74008002,Bart,0,,,,,,0,5,0,0,99,Survey Member,0,
74008003,Jeffrey,0,,,,,,0,5,0,0,99,Survey Member,0,
74008004,Curtis,0,,,,,,0,5,0,0,99,Survey Member,0,
74008005,Byron,0,,,,,,0,5,0,0,99,Survey Boss,0,
74008006,Elmer,0,,,,,,0,5,0,0,99,Survey Member,0,
74008007,Frank,0,,,,,,0,5,0,0,99,Survey Member,0,
74008011,Grossman,0,,,,,,0,5,0,0,99,Blue Feather Initiate,0,
74008012,Gretzky,0,,,,,,0,5,0,0,99,Blue Feather Initiate,0,
74008013,Edgeworth,0,,,,,,0,5,0,0,99,Blue Feather Initiate,0,
74008014,Kitchen,0,,,,,,0,5,0,0,99,Blue Feather Member,0,
74008015,Juggler,0,,,,,,0,5,0,0,99,Blue Feather Member,0,
74008016,Kucinich,0,,,,,,0,5,0,0,99,Blue Feather Member,0,
74008017,Kondrachev,0,,,,,,0,5,0,0,99,Blue Feather Member,0,
74008018,Gossen,0,,,,,,0,5,0,0,99,Blue Feather Elite,0,
74008019,Bentham,0,,,,,,0,5,0,0,99,Blue Feather Elite,0,
74008031,Vebren,7,0,0,0,,,0,5,0,0,99,Ghost,0,
22008001,Matra,0,,,,,,0,5,0,0,99,Adventurer,0,
22008002,Hargan,0,,,,,,0,5,0,0,99,Survey Member,0,
22008003,Torres,0,,,,,,0,5,0,0,99,Survey Member,0,
22008004,Decatt,0,,,,,,0,5,0,0,99,Survey Member,0,
22008005,Holgress,0,,,,,,0,5,0,0,99,Survey Member,0,
22008006,Layard,0,,,,,,213,213,1,0,99,Survey Member,0,
22008007,Ruddick,0,,,,,,0,5,0,0,99,Survey Member,0,
74008041,,1,0,0,180,,,0,5,0,0,1,,0,
74008042,Epitaph of Blue Leon,1,0,0,180,,,0,5,0,0,1,,0,
74008043,Epitaph of Blue Leon,1,0,0,180,,,0,5,0,0,1,,0,
74008044,Epitaph of Blue Leon,1,0,0,180,,,0,5,0,0,1,,0,
74008045,Epitaph of Blue Leon,1,0,0,180,,,0,5,0,0,1,,0,
74008051,Dark Angel Statue,0,0,0,0,,,0,5,0,1,1,,0,
74008052,Dark Angel Statue,0,0,0,0,,,0,5,0,1,1,,0,
74008053,Dark Angel Statue,0,0,0,0,,,0,5,0,1,1,,0,
74008054,Dark Angel Statue,0,0,0,0,,,0,5,0,1,1,,0,
74008055,Dark Angel Statue,0,0,0,0,,,0,5,0,1,1,,0,
74008056,Dark Angel Statue,0,0,0,0,,,0,5,0,1,1,,0,
74008061,Teleport Machine,5,0,0,0,,,0,5,0,0,1,,0,
74008062,Teleport Machine,5,0,0,0,,,0,5,0,0,1,,0,
74008063,Teleport Machine,5,0,0,0,,,0,5,0,0,1,,0,
74008064,Teleport Machine,5,0,0,0,,,0,5,0,0,1,,0,
74008071,Recovery Spring,1,0,0,180,,,0,5,0,0,1,,0,
74008072,Recovery Spring,1,0,0,180,,,0,5,0,0,1,,0,
74008073,Recovery Spring,1,0,0,180,,,0,5,0,0,1,,0,
74008074,Recovery Spring,1,0,0,180,,,0,5,0,0,1,,0,
74008081,,1,0,0,180,,,0,5,0,0,1,,0,

#旧地下水路B2Fへの通路(ID:2001002),,,,,,,,,5,
74008101,Dark Angel Statue,0,0,0,0,,,0,5,0,1,1,,0,
74008102,Rotting Corpse,1,0,0,20,,,0,5,0,0,1,,0,
74008103,Rotting Corpse,1,0,0,20,,,0,5,0,0,1,,0,

#降偉の祭儀場跡(ID:2001006 20010067),
74009001,Dark Angel Statue,0,0,0,0,,,0,5,0,1,1,,0,
74009002,Dark Angel Statue,0,0,0,0,,,0,5,0,1,1,,0,
74009003,Dark Angel Statue,0,0,0,0,,,0,5,0,1,1,,0,
74009005,Dark Angel Statue,0,0,0,0,,,0,5,0,1,1,,0,
74009006,Queen Statue,1,0,0,200,,1,0,5,1,0,1,,0,
74009011,Chapter 1 (1/6),1,0,0,180,,,0,5,0,0,1,Tale of the Twin Queens,0,
74009012,Chapter 1 (2/6),1,0,0,180,,,0,5,0,0,1,Tale of the Twin Queens,0,
74009013,Chapter 1 (3/6),1,0,0,180,,,0,5,0,0,1,Tale of the Twin Queens,0,
74009014,Chapter 1 (4/6),1,0,0,180,,,0,5,0,0,1,Tale of the Twin Queens,0,
74009015,Chapter 1 (5/6),1,0,0,180,,,0,5,0,0,1,Tale of the Twin Queens,0,
74009016,Chapter 1 (6/6),1,0,0,180,,,0,5,0,0,1,Tale of the Twin Queens,0,
74009021,Chapter 2 (1/4),1,0,0,180,,,0,5,0,0,1,Tale of the Twin Queens,0,
74009022,Chapter 2 (2/4),1,0,0,180,,,0,5,0,0,1,Tale of the Twin Queens,0,
74009023,Chapter 2 (3/4),1,0,0,180,,,0,5,0,0,1,Tale of the Twin Queens,0,
74009024,Chapter 2 (4/4),1,0,0,180,,,0,5,0,0,1,Tale of the Twin Queens,0,
74009031,Chapter 3 (1/6),1,0,0,180,,,0,5,0,0,1,Tale of the Twin Queens,0,
74009032,Chapter 3 (2/6),1,0,0,180,,,0,5,0,0,1,Tale of the Twin Queens,0,
74009033,Chapter 3 (3/6),1,0,0,180,,,0,5,0,0,1,Tale of the Twin Queens,0,
74009034,Chapter 3 (4/6),1,0,0,180,,,0,5,0,0,1,Tale of the Twin Queens,0,
74009035,Chapter 3 (5/6),1,0,0,180,,,0,5,0,0,1,Tale of the Twin Queens,0,
74009036,Chapter 3 (6/6),1,0,0,180,,,0,5,0,0,1,Tale of the Twin Queens,0,
74009041,Switch,1,0,0,180,,,0,5,0,0,1,,0,
74009042,Defender of the Gem of Minette,1,0,0,290,,,0,5,0,0,1,,0,
74009043,Defender of the Gem of Linette,1,0,0,290,,,0,5,0,0,1,,0,
74009044,Minette Slate,1,0,0,180,,,0,5,0,0,1,,0,
74009045,Linette Slate,1,0,0,180,,,0,5,0,0,1,,0,
74009046,Switch,1,0,0,180,,,0,5,0,0,1,,0,
74009051,Lennon,0,,,,,,0,5,0,0,99,Minstrel,0,
74009061,Recovery Spring,1,0,0,180,,,0,5,0,0,1,,0,
#74009071,Rubble Pile,1,0,0,80,,,0,5,0,0,1,,0,
#74009072,Rubble Pile,1,0,0,80,,,0,5,0,0,1,,0,
#74009073,Rubble Pile,1,0,0,80,,,0,5,0,0,1,,0,
#74009074,Rubble Pile,1,0,0,80,,,0,5,0,0,1,,0,
74009091,Door to Floor 1,0,0,0,0,,,0,5,0,0,1,,0,
74009092,Door to Floor 2,0,0,0,0,,,0,5,0,0,1,,0,

#荒廃の廓(ID:2003104-6),
74010001,Dark Angel Statue,0,0,0,0,,,0,5,0,1,1,,0,
74010002,Dark Angel Statue,0,0,0,0,,,0,5,0,1,1,,0,
74010003,Dark Angel Statue,0,0,0,0,,,0,5,0,1,1,,0,
74010006,Dark Angel Statue,0,0,0,0,,,0,5,0,1,1,,0,
74010007,Dark Angel Statue,0,0,0,0,,,0,5,0,1,1,,0,
74010008,Dark Angel Statue,0,0,0,0,,,0,5,0,1,1,,0,
74010009,Dark Angel Statue,0,0,0,0,,,0,5,0,1,1,,0,
74010021,Junk Pile,1,0,0,80,,,0,5,0,0,1,,0,
74010022,Junk Pile,1,0,0,80,,,0,5,0,0,1,,0,
74010023,Junk Pile,1,0,0,80,,,0,5,0,0,1,,0,
74010024,Auto Blood Extractor,1,0,0,180,,,0,5,0,0,1,,0,
74010031,Check Point,1,0,0,180,,,0,5,0,0,1,,0,
74010032,Check Point,1,0,0,180,,,0,5,0,0,1,,0,
74010033,Check Point,1,0,0,180,,,0,5,0,0,1,,0,
74010034,Auto Blood Extractor,1,0,0,250,,,0,5,0,0,1,,0,
74010035,Auto Blood Extractor,1,0,0,250,,,0,5,0,0,1,,0,
74010036,Auto Blood Extractor,1,0,0,250,,,0,5,0,0,1,,0,
74010037,Door to Lab 1,5,0,0,0,,,0,5,0,0,1,,0,
74010038,Door to Lab 2,5,0,0,0,,,0,5,0,0,1,,0,
74010039,Door to Lab 3,5,0,0,0,,,0,5,0,0,1,,0,
74010040,Junk Pile,1,0,0,80,,,0,5,0,0,1,,0,
74010041,Incinerator,1,0,0,20,,,0,5,0,0,1,,0,
74010042,Blood Filter,1,0,0,250,,,0,5,0,0,1,,0,
74010043,Thermal Generator,1,0,0,250,,,0,5,0,0,1,,0,
74010051,Brad,0,0,0,0,,,0,5,0,0,99,Test Subject,0,
74010052,Morinne,0,0,0,0,,,0,5,0,0,99,Test Subject,0,
74010053,Farn,0,0,0,0,,,0,5,0,0,99,Test Subject,0,
74010054,Rebecca,0,0,0,0,,,0,5,0,0,99,Test Subject,0,
74010055,Pamela,0,0,0,0,,,0,5,0,0,99,Test Subject,0,
74010056,Richart,0,0,0,0,,,0,5,0,0,99,Test Subject,0,
74010057,Schuler,0,0,0,0,,,1000,1000,0,0,99,Treasure Hunter,0,
74010071,Teleport Machine,5,0,0,0,,,0,5,0,0,1,,0,
74010072,Teleport Machine,5,0,0,0,,,0,5,0,0,1,,0,
74010076,Teleport Machine,5,0,0,0,,,0,5,0,0,1,,0,
74010077,Teleport Machine,5,0,0,0,,,0,5,0,0,1,,0,
74010081,Hidden Staircase,1,0,0,20,,,0,5,0,0,1,,0,
74010091,Recovery Spring,1,0,0,180,,,0,5,0,0,1,,0,

#旧地下水路地下2階(ID:2001003)配置,
74011001,Dark Angel Statue,0,0,0,0,,,0,5,0,1,1,,0,
74011002,Dark Angel Statue,0,0,0,0,,,0,5,0,1,1,,0,
74011003,Dark Angel Statue,0,0,0,0,,,0,5,0,1,1,,0,
74011004,Dark Angel Statue,0,0,0,0,,,0,5,0,1,1,,0,
74011005,Miguel Hagwell Market Ruins,1,0,0,80,,,0,5,0,0,1,,0,
74011006,Medal Machine,1,0,0,180,,,0,5,0,0,1,,0,
74011007,Medal Machine,1,0,0,180,,,0,5,0,0,1,,0,
74011008,Medal Machine,1,0,0,180,,,0,5,0,0,1,,0,
74011009,Rubble Pile,1,0,0,80,,,0,5,0,0,1,,0,
74011010,Rubble Pile,1,0,0,80,,,0,5,0,0,1,,0,
74011011,Rubble Pile,1,0,0,80,,,0,5,0,0,1,,0,
74011012,,1,0,0,180,,,0,5,0,0,1,,0,
74011013,Recovery Spring,1,0,0,180,,,0,5,0,0,1,,0,
74011014,Recovery Spring,1,0,0,180,,,0,5,0,0,1,,0,

#旧地下水路地下3階への通路(ID:2001004)配置,
74012001,Sacred Horse Statue,4,0,0,0,,,0,5,0,0,1,,0,
74012002,Rubble Pile,1,0,0,80,,,0,5,0,0,1,,0,
74012003,Rubble Pile,1,0,0,80,,,0,5,0,0,1,,0,
74012004,Rubble Pile,1,0,0,80,,,0,5,0,0,1,,0,
74012005,Machine Reckage,1,0,0,250,,,0,5,0,0,1,,0,
74012006,Polishing Machine,1,0,0,250,,,0,5,0,0,1,,0,
74012007,Condensor,1,0,0,250,,,0,5,0,0,1,,0,
74012008,Recovery Spring,1,0,0,180,,,0,5,0,0,1,,0,

#ロサワルド水没砦1(ID:2002104)配置,
74013001,Dark Angel Statue,0,0,0,0,,,0,5,0,1,1,,0,
74013002,Dark Angel Statue,0,0,0,0,,,0,5,0,1,1,,0,
74013003,Dark Angel Statue,0,0,0,0,,,0,5,0,1,1,,0,
74013004,Dark Angel Statue,0,0,0,0,,,0,5,0,1,1,,0,
74013005,Dark Angel Statue,0,0,0,0,,,0,5,0,1,1,,0,
74013011,Rubble,1,0,0,80,,,0,5,0,0,1,,0,
74013012,Rubble,1,0,0,80,,,0,5,0,0,1,,0,
74013013,Junk Pile,1,0,0,80,,,0,5,0,0,1,,0,
74013014,Catalysis Synthesizer,1,0,0,250,,,0,5,0,0,1,,0,
74013021,,1,0,0,180,,,0,5,0,0,1,,0,
74013022,,1,0,0,180,,,0,5,0,0,1,,0,
74013023,,1,0,0,180,,,0,5,0,0,1,,0,
74013024,,1,0,0,180,,,0,5,0,0,1,,0,
74013025,,1,0,0,180,,,0,5,0,0,1,,0,
74013026,,1,0,0,180,,,0,5,0,0,1,,0,
74013031,Teleport Machine 1,5,0,0,0,,,0,5,0,0,1,,0,
74013032,Teleport Machine 2,5,0,0,0,,,0,5,0,0,1,,0,
74013033,Teleport Machine 3,5,0,0,0,,,0,5,0,0,1,,0,
74013034,Teleport Machine 4,5,0,0,0,,,0,5,0,0,1,,0,
74013035,Teleport Machine 5,5,0,0,0,,,0,5,0,0,1,,0,
74013036,Teleport Machine 6,5,0,0,0,,,0,5,0,0,1,,0,
74013037,Teleport Machine 7,5,0,0,0,,,0,5,0,0,1,,0,
74013038,Teleport Machine 8,5,0,0,0,,,0,5,0,0,1,,0,
74013039,Teleport Machine 9,5,0,0,0,,,0,5,0,0,1,,0,
74013041,Switch,1,0,0,180,,,0,5,0,0,1,,0,
74013042,Switch,1,0,0,180,,,0,5,0,0,1,,0,
74013051,,1,0,0,180,,,0,5,0,0,1,,0,
74013061,Recovery Spring,1,0,0,180,,,0,5,0,0,1,,0,

#ロサワルド水没砦2(ID:2002105)配置,
74013101,Dark Angel Statue,0,0,0,0,,,0,5,0,1,1,,0,
74013102,Dark Angel Statue,0,0,0,0,,,0,5,0,1,1,,0,
74013103,Dark Angel Statue,0,0,0,0,,,0,5,0,1,1,,0,
74013104,Dark Angel Statue,0,0,0,0,,,0,5,0,1,1,,0,
74013111,Token Throwing Machine,1,0,0,250,,,0,5,0,0,1,,0,
74013112,Token Exchange Machine,1,0,0,290,,,0,5,0,0,1,,0,
74013113,Token Throwing Machine,1,0,0,250,,,0,5,0,0,1,,0,
74013114,Token Exchange Machine,1,0,0,290,,,0,5,0,0,1,,0,
74013121,Teleport Machine,5,0,0,0,,,0,5,0,0,1,,0,
74013122,Teleport Machine,5,0,0,0,,,0,5,0,0,1,,0,
74013123,Teleport Machine,5,0,0,0,,,0,5,0,0,1,,0,
74013124,Teleport Machine,5,0,0,0,,,0,5,0,0,1,,0,
74013125,Teleport Machine,5,0,0,0,,,0,5,0,0,1,,0,
74013126,Teleport Machine,5,0,0,0,,,0,5,0,0,1,,0,
74013131,Switch,1,0,0,180,,,0,5,0,0,1,,0,
74013141,Recovery Spring,1,0,0,180,,,0,5,0,0,1,,0,
74013142,Recovery Spring,1,0,0,180,,,0,5,0,0,1,,0,
74013151,Silicate Powder,1,0,0,20,,,0,5,0,0,1,,0,
74013152,Silicate Powder,1,0,0,20,,,0,5,0,0,1,,0,
74013153,Silicate Powder,1,0,0,20,,,0,5,0,0,1,,0,
74013154,Silicate Powder,1,0,0,20,,,0,5,0,0,1,,0,

#ロサワルド水没砦3(ID:2002106)配置,
74013201,Dark Angel Statue,0,0,0,0,,,0,5,0,1,1,,0,
74013202,Dark Angel Statue,0,0,0,0,,,0,5,0,1,1,,0,
74013203,Dark Angel Statue,0,0,0,0,,,0,5,0,1,1,,0,
74013204,Dark Angel Statue,0,0,0,0,,,0,5,0,1,1,,0,
74013211,Knight Statue,1,0,0,290,,,0,5,0,0,1,,0,
74013212,Spring of Alignment,1,0,0,180,,,0,5,0,0,1,,0,
74013213,Spring of Alignment,1,0,0,180,,,0,5,0,0,1,,0,
74013214,,1,0,0,180,,,0,5,0,0,1,,0,
74013215,,1,0,0,180,,,0,5,0,0,1,,0,
74013216,,1,0,0,180,,,0,5,0,0,1,,0,
74013217,Switch,1,0,0,180,,,0,5,0,0,1,,0,
74013218,Pump,1,0,0,250,,,0,5,0,0,1,,0,
74013219,Death Statue,1,0,0,250,,1,0,5,1,0,1,,0,
74013221,Teleport Machine,5,0,0,0,,,0,5,0,0,1,,0,
74013222,Teleport Machine,5,0,0,0,,,0,5,0,0,1,,0,
74013223,Teleport Machine,5,0,0,0,,,0,5,0,0,1,,0,
74013224,Teleport Machine,5,0,0,0,,,0,5,0,0,1,,0,
74013231,Light of Alignment,14,0,0,0,,,0,5,0,0,1,,0,
74013232,Light of Alignment,15,0,0,0,,,0,5,0,0,1,,0,
74013251,Ivan,0,0,0,0,,,0,5,0,0,99,Inoverche,0,
74013261,Recovery Spring,1,0,0,180,,,0,5,0,0,1,,0,

#旧地下水路地下4階(ID:2004101)配置,
74014001,Dark Angel Statue,0,0,0,0,,,0,5,0,1,1,,0,
74014002,Dark Angel Statue,0,0,0,0,,,0,5,0,1,1,,0,
74014003,Dark Angel Statue,0,0,0,0,,,0,5,0,1,1,,0,
74014004,Weathered Spring,1,0,0,180,,,0,5,0,0,1,,0,
74014005,Junk Pile,1,0,0,180,,,0,5,0,0,1,,0,
74014006,Weathered Machine,1,0,0,180,,,0,5,0,0,1,,0,
74014007,Junk Pile,1,0,0,180,,,0,5,0,0,1,,0,
74014008,,1,0,0,180,,,0,5,0,0,1,,0,
74014009,,1,0,0,180,,,0,5,0,0,1,,0,
74014010,Weathered Machine,1,0,0,250,,,0,5,0,0,1,,0,
74014011,Weathered Machine,1,0,0,250,,,0,5,0,0,1,,0,
74014012,Weathered Machine,1,0,0,250,,,0,5,0,0,1,,0,
74014013,Teleport Machine,5,0,0,0,,,0,5,0,0,1,,0,
74014014,Teleport Machine,5,0,0,0,,,0,5,0,0,1,,0,
74014015,Teleport Machine,5,0,0,0,,,0,5,0,0,1,,0,
74014016,Sacred Horse Statue,4,0,0,0,,,0,5,0,0,1,,0,
74014017,Sacred Horse Statue,4,0,0,0,,,0,5,0,0,1,,0,
74014020,Bulletin Board,1,0,0,180,,,0,5,0,0,1,,0,
74014021,Bulletin Board,1,0,0,180,,,0,5,0,0,1,,0,
74014022,Research Literature,1,0,0,180,,,0,5,0,0,1,,0,
74014023,Research Literature,1,0,0,180,,,0,5,0,0,1,,0,
74014024,Research Literature,1,0,0,180,,,0,5,0,0,1,,0,
74014025,Research Literature,1,0,0,180,,,0,5,0,0,1,,0,
74014026,Research Literature,1,0,0,180,,,0,5,0,0,1,,0,
74014027,Research Literature,1,0,0,180,,,0,5,0,0,1,,0,

#サンジェント遺跡(ID:2002001-7)配置,
74015001,Dark Angel Statue,0,0,0,0,,,0,5,0,1,1,,0,
74015002,Dark Angel Statue,0,0,0,0,,,0,5,0,1,1,,0,
74015003,Dark Angel Statue,0,0,0,0,,,0,5,0,1,1,,0,
74015004,Dark Angel Statue,0,0,0,0,,,0,5,0,1,1,,0,
74015005,Dark Angel Statue,0,0,0,0,,,0,5,0,1,1,,0,
74015006,Dark Angel Statue,0,0,0,0,,,0,5,0,1,1,,0,
74015007,Dark Angel Statue,0,0,0,0,,,0,5,0,1,1,,0,
74015008,Dark Angel Statue,0,0,0,0,,,0,5,0,1,1,,0,
74015009,Dark Angel Statue,0,0,0,0,,,0,5,0,1,1,,0,
74015010,Dark Angel Statue,0,0,0,0,,,0,5,0,1,1,,0,
74015011,Skull Scale,1,-38,-5,192,,,0,5,0,0,1,,0,
74015021,Revolta,0,0,0,0,,,0,5,0,0,99,Inoverche,0,
74015022,,1,0,0,180,,,0,5,0,0,1,,0,
74015031,Nerious,0,0,0,0,,,0,5,0,0,99,Inoverche,0,
74015032,Yordia,0,0,0,0,,,0,5,0,0,99,Inoverche,0,
74015041,Eloise,0,0,0,0,,,0,5,0,0,99,Inoverche,0,
74015051,Statue of Fate,1,0,0,290,,,0,5,0,0,1,,0,
74015061,Riddle 6,1,0,0,180,,,0,5,0,0,1,,0,
74015071,Statue,1,0,0,290,,,0,5,0,0,1,,0,
74015072,Remains,1,0,0,20,,,0,5,0,0,1,,0,
74015081,Riddle 8,1,0,0,180,,,0,5,0,0,1,,0,
74015091,Sacred Bird Statue,1,0,0,180,,,0,5,0,0,1,,0,
74015092,Rotting Corpse,1,0,0,20,,,0,5,0,0,1,,0,
74015093,Right Keyhole,1,0,0,180,,,0,5,0,0,1,,0,
74015094,Torch,15,0,0,0,,,0,5,0,0,1,,0,
74015095,Immobile Stone Army,1,0,0,290,,,0,5,0,0,1,,0,
74015096,Left Keyhole,1,0,0,180,,,0,5,0,0,1,,0,
74015097,McDune,0,0,0,0,,,0,5,0,0,99,Inoverche,0,
74015098,Vulahar,0,0,0,0,,,0,5,0,0,99,Inoverche,0,
74015099,Achazhim,0,0,0,0,,,0,5,0,0,99,Inoverche,0,
74015100,Zambach,0,0,0,0,,,0,5,0,0,99,Inoverche,0,
74015101,Dark Angel Statue,0,0,0,0,,,0,5,0,1,1,,0,
74015102,Dark Angel Statue,0,0,0,0,,,0,5,0,1,1,,0,
74015103,Dark Angel Statue,0,0,0,0,,,0,5,0,1,1,,0,
74015104,Dark Angel Statue,0,0,0,0,,,0,5,0,1,1,,0,
74015110,Dark Angel Statue,0,0,0,0,,,0,5,0,1,1,,0,
74015111,,1,0,0,180,,,0,5,0,0,1,,0,
74015112,,1,0,0,180,,,0,5,0,0,1,,0,
74015121,Weathered Machine,1,0,0,80,,,0,5,0,0,1,,0,
74015131,Weathered Machine,1,0,0,80,,,0,5,0,0,1,,0,
74015132,Pedestal,1,0,0,180,,,0,5,0,0,1,,0,
74015141,Balsa,0,0,0,0,,,0,5,0,0,99,Inoverche,0,
74015142,Phaedra,0,0,0,0,,,0,5,0,0,99,Inoverche,0,
74015143,Bob,0,0,0,0,,,0,5,0,0,99,Inoverche,0,
74015144,Massal,0,0,0,0,,,0,5,0,0,99,Inoverche,0,
74015145,Craig,0,0,0,0,,,0,5,0,0,99,Inoverche,0,
74015146,Bean,0,0,0,0,,,0,5,0,0,99,Inoverche,0,
74015147,Vorden,0,0,0,0,,,0,5,0,0,99,Inoverche,0,
74015148,Wonda,0,0,0,0,,,0,5,0,0,99,Inoverche,0,
74015149,Sweeney,0,0,0,0,,,0,5,0,0,99,Inoverche,0,
74015150,Vague,0,0,0,0,,,0,5,0,0,99,Inoverche,0,
74015151,Vascock,0,0,0,0,,,0,5,0,0,99,Inoverche,0,
74015152,Webber,0,0,0,0,,,0,5,0,0,99,Inoverche,0,
74015161,Teleport Machine,5,0,0,0,,,0,5,0,0,1,,0,
74015162,,1,0,0,20,,,0,5,0,0,1,,0,
74015171,,1,0,0,20,,,0,5,0,0,1,,0,
74015172,,1,0,0,20,,,0,5,0,0,1,,0,
74015173,,1,0,0,20,,,0,5,0,0,1,,0,
74015174,,1,0,0,20,,,0,5,0,0,1,,0,
74015175,,1,0,0,20,,,0,5,0,0,1,,0,
74015181,Switch,1,0,0,180,,,0,5,0,0,1,,0,
74015201,Dark Angel Statue,0,0,0,0,,,0,5,0,1,1,,0,
74015202,Dark Angel Statue,0,0,0,0,,,0,5,0,1,1,,0,

#旧地下水路地下5階(ID:2004102)配置,
74016001,Dark Angel Statue,0,0,0,0,,,0,5,0,1,1,,0,
74016002,Dark Angel Statue,0,0,0,0,,,0,5,0,1,1,,0,
74016003,Dark Angel Statue,0,0,0,0,,,0,5,0,1,1,,0,
74016004,Password Generator,1,0,0,180,,,0,5,0,0,1,,0,
74016005,Disarm Key Generator,1,0,0,180,,,0,5,0,0,1,,0,
74016006,Seal Breaking Aparatus,1,0,0,180,,,0,5,0,0,1,,0,
74016007,Dragon Head Slate,1,0,0,180,,,0,5,0,0,1,,0,
74016008,Dragon Head Statue,1,0,0,180,,,0,5,0,0,1,,0,
74016009,Slate of Atonement,1,0,0,180,,,0,5,0,0,1,,0,
74016010,Slate of Atonement,1,0,0,180,,,0,5,0,0,1,,0,
74016011,Slate of Atonement,1,0,0,180,,,0,5,0,0,1,,0,
74016012,Teleport Machine,5,0,0,0,,,0,5,0,0,1,,0,
74016013,Teleport Machine,5,0,0,0,,,0,5,0,0,1,,0,
74016014,Teleport Machine,5,0,0,0,,,0,5,0,0,1,,0,
74016015,Teleport Machine,5,0,0,0,,,0,5,0,0,1,,0,
74016016,Teleport Machine,5,0,0,0,,,0,5,0,0,1,,0,
74016017,Teleport Machine,5,0,0,0,,,0,5,0,0,1,,0,
74016018,Teleport Machine,5,0,0,0,,,0,5,0,0,1,,0,
74016019,Teleport Machine,5,0,0,0,,,0,5,0,0,1,,0,
74016020,Teleport Machine,5,0,0,0,,,0,5,0,0,1,,0,
74016021,Teleport Machine,5,0,0,0,,,0,5,0,0,1,,0,
74016022,Dark Angel Statue,0,0,0,0,,,0,5,0,1,1,,0,
74016023,Sacred Horse Statue,4,0,0,0,,,0,5,0,0,1,,0,
74016024,Dragon's Head Slate,1,0,0,180,,,0,5,0,0,1,,0,
74016025,Research Literature,1,0,0,180,,,0,5,0,0,1,,0,

#旧地下水路地下3階(ID:2001005)配置,
74017001,Dark Angel Statue,0,0,0,0,,,0,5,0,1,1,,0,
74017002,Dark Angel Statue,0,0,0,0,,,0,5,0,1,1,,0,
74017003,Dark Angel Statue,0,0,0,0,,,0,5,0,1,1,,0,
74017004,Dark Angel Statue,0,0,0,0,,,0,5,0,1,1,,0,
74017005,Junk Pile,1,0,0,180,,,0,5,0,0,1,,0,
74017006,Teleport Machine,5,0,0,0,,,0,5,0,0,1,,0,
74017007,,1,0,0,180,,,0,5,0,0,1,,0,
74017008,,1,0,0,180,,,0,5,0,0,1,,0,
74017009,,1,0,0,180,,,0,5,0,0,1,,0,
74017010,,1,0,0,180,,,0,5,0,0,1,,0,
74017011,,1,0,0,180,,,0,5,0,0,1,,0,
74017012,,1,0,0,180,,,0,5,0,0,1,,0,
74017013,,1,0,0,180,,,0,5,0,0,1,,0,
74017014,,1,0,0,180,,,0,5,0,0,1,,0,
74017015,Junk Pile,1,0,0,180,,,0,5,0,0,1,,0,
74017016,Junk Pile,1,0,0,180,,,0,5,0,0,1,,0,
74017017,Adventurer Corpse,1,0,0,20,,,0,5,0,0,1,,0,
74017018,Recovery Spring,1,0,0,180,,,0,5,0,0,1,,0,
74017019,Sacred Horse Statue,0,0,0,0,,,0,5,0,0,1,,0,

#13号施設(ID:2004106-7)配置,
74018001,Dark Angel Statue,0,0,0,0,,,0,5,0,1,1,,0,
74018002,Dark Angel Statue,0,0,0,0,,,0,5,0,1,1,,0,
74018003,Dark Angel Statue,0,0,0,0,,,0,5,0,1,1,,0,
74018004,Dark Angel Statue,0,0,0,0,,,0,5,0,1,1,,0,
74018005,Dark Angel Statue,0,0,0,0,,,0,5,0,1,1,,0,
74018011,Heart Scale,15,-40,-5,195,,,0,5,0,0,1,,0,
74018012,Heart Scale,13,-5,40,195,,,0,5,0,0,1,,0,
74018013,Heart Scale,14,5,-40,195,,,0,5,0,0,1,,0,
74018014,Heart Scale,9,40,10,170,,,0,5,0,0,1,,0,
74018021,Sacrificial Spring,1,0,0,180,,,0,5,0,0,1,,0,
74018022,Sacrificial Spring,1,0,0,180,,,0,5,0,0,1,,0,
74018023,Sacrificial Spring,1,0,0,180,,,0,5,0,0,1,,0,
74018024,Sacrificial Spring,1,0,0,180,,,0,5,0,0,1,,0,
74018030,Power Spot,22,0,-600,0,,,0,5,0,0,1,,0,
74018031,Torchlight of Truth,13,0,0,0,,,0,5,0,0,1,,0,
74018032,Torchlight of Truth,13,0,0,0,,,0,5,0,0,1,,0,
74018033,Torchlight of Truth,13,0,0,0,,,0,5,0,0,1,,0,
74018034,Torchlight of Truth,13,0,0,0,,,0,5,0,0,1,,0,
74018035,Torchlight of Truth,13,0,0,0,,,0,5,0,0,1,,0,
74018036,Torchlight of Truth,13,0,0,0,,,0,5,0,0,1,,0,
74018037,Torchlight of Truth,13,0,0,0,,,0,5,0,0,1,,0,
74018038,Torchlight of Truth,13,0,0,0,,,0,5,0,0,1,,0,
74018039,Torchlight of Truth,13,0,0,0,,,0,5,0,0,1,,0,
74018040,Torchlight of Truth,13,0,0,0,,,0,5,0,0,1,,0,
74018041,Torchlight of Truth,13,0,0,0,,,0,5,0,0,1,,0,
74018051,Teleport Machine,5,0,0,0,,,0,5,0,0,1,,0,
74018052,Teleport Machine,5,0,0,0,,,0,5,0,0,1,,0,
74018061,Recovery Spring,1,0,0,180,,,0,5,0,0,1,,0,
74018071,Experiment Log,12,0,0,60,,,0,5,0,0,1,,0,
74018072,Experiment Log,12,0,0,60,,,0,5,0,0,1,,0,
74018081,Report,12,0,0,180,,,0,5,0,0,1,,0,
74018082,Report,12,0,0,180,,,0,5,0,0,1,,0,
74018083,Report,12,0,0,180,,,0,5,0,0,1,,0,

#暗澹たる円卓(ID:2004103-5)配置,
74019001,Dark Angel Statue,0,0,0,0,,,0,5,0,1,1,,0,
74019002,Dark Angel Statue,0,0,0,0,,,0,5,0,1,1,,0,
74019003,Dark Angel Statue,0,0,0,0,,,0,5,0,1,1,,0,
74019004,Dark Angel Statue,0,0,0,0,,,0,5,0,1,1,,0,
74019005,Dark Angel Statue,0,0,0,0,,,0,5,0,1,1,,0,
74019006,Dark Angel Statue,0,0,0,0,,,0,5,0,1,1,,0,
74019007,Dark Angel Statue,0,0,0,0,,,0,5,0,1,1,,0,
74019008,Dark Angel Statue,0,0,0,0,,,0,5,0,1,1,,0,
74019009,Dark Angel Statue,0,0,0,0,,,0,5,0,1,1,,0,
74019010,Dark Angel Statue,0,0,0,0,,,0,5,0,1,1,,0,
74019011,Nine Brothers of Hell Statue,1,0,0,290,,,0,5,0,0,1,,0,
74019012,Nine Brothers of Hell Statue,1,0,0,290,,,0,5,0,0,1,,0,
74019021,Nine Brothers of Hell Statue,1,0,0,290,,,0,5,0,0,1,,0,
74019022,Nine Brothers of Hell Statue,1,0,0,290,,,0,5,0,0,1,,0,
74019023,Nine Brothers of Hell Statue,1,0,0,290,,,0,5,0,0,1,,0,
74019031,Nine Brothers of Hell Statue,1,0,0,290,,,0,5,0,0,1,,0,
74019032,Nine Brothers of Hell Statue,1,0,0,290,,,0,5,0,0,1,,0,
74019033,Nine Brothers of Hell Statue,1,0,0,290,,,0,5,0,0,1,,0,
74019041,Nine Brothers of Hell Statue,1,0,0,290,,,0,5,0,0,1,,0,
74019042,Nine Brothers of Hell Statue,1,0,0,290,,,0,5,0,0,1,,0,
74019043,Nine Brothers of Hell Statue,1,0,0,290,,,0,5,0,0,1,,0,
74019051,Nine Brothers of Hell Statue,1,0,0,290,,,0,5,0,0,1,,0,
74019052,Nine Brothers of Hell Statue,1,0,0,290,,,0,5,0,0,1,,0,
74019053,Nine Brothers of Hell Statue,1,0,0,290,,,0,5,0,0,1,,0,
74019061,Nine Brothers of Hell Statue,1,0,0,290,,,0,5,0,0,1,,0,
74019062,Nine Brothers of Hell Statue,1,0,0,290,,,0,5,0,0,1,,0,
74019063,Nine Brothers of Hell Statue,1,0,0,290,,,0,5,0,0,1,,0,
74019071,Nine Brothers of Hell Statue,1,0,0,290,,,0,5,0,0,1,,0,
74019072,Nine Brothers of Hell Statue,1,0,0,290,,,0,5,0,0,1,,0,
74019073,Nine Brothers of Hell Statue,1,0,0,290,,,0,5,0,0,1,,0,
74019081,Nine Brothers of Hell Statue,1,0,0,290,,,0,5,0,0,1,,0,
74019082,Nine Brothers of Hell Statue,1,0,0,290,,,0,5,0,0,1,,0,
74019083,Nine Brothers of Hell Statue,1,0,0,290,,,0,5,0,0,1,,0,
74019091,Nine Brothers of Hell Statue,1,0,0,290,,,0,5,0,0,1,,0,
74019092,Nine Brothers of Hell Statue,1,0,0,290,,,0,5,0,0,1,,0,
74019093,Nine Brothers of Hell Statue,1,0,0,290,,,0,5,0,0,1,,0,
74019101,Teleport Machine,5,0,0,0,,,0,5,0,0,1,,0,
74019102,Teleport Machine,5,0,0,0,,,0,5,0,0,1,,0,
74019103,Teleport Machine,5,0,0,0,,,0,5,0,0,1,,0,
74019104,Teleport Machine,5,0,0,0,,,0,5,0,0,1,,0,
74019111,Teleport Machine,5,0,0,0,,,0,5,0,0,1,,0,
74019121,Teleport Machine,5,0,0,0,,,0,5,0,0,1,,0,
74019122,Teleport Machine,5,0,0,0,,,0,5,0,0,1,,0,
74019123,Teleport Machine,5,0,0,0,,,0,5,0,0,1,,0,
74019124,Teleport Machine,5,0,0,0,,,0,5,0,0,1,,0,
74019125,Teleport Machine,5,0,0,0,,,0,5,0,0,1,,0,
74019126,Teleport Machine,5,0,0,0,,,0,5,0,0,1,,0,
74019131,Teleport Machine,5,0,0,0,,,0,5,0,0,1,,0,
74019132,Teleport Machine,5,0,0,0,,,0,5,0,0,1,,0,
74019141,Teleport Machine,5,0,0,0,,,0,5,0,0,1,,0,
74019142,Teleport Machine,5,0,0,0,,,0,5,0,0,1,,0,
74019143,Teleport Machine,5,0,0,0,,,0,5,0,0,1,,0,
74019144,Teleport Machine,5,0,0,0,,,0,5,0,0,1,,0,
74019151,Teleport Machine,5,0,0,0,,,0,5,0,0,1,,0,
74019181,Groll,0,0,0,0,,,0,5,0,0,99,Inoverche,0,
74019191,Beginner Statue,1,0,0,290,,,0,5,0,0,1,,0,
74019192,,1,0,0,180,,,0,5,0,0,1,,0,

#アッザーム配置,
74020001,Dark Angel Statue,0,0,0,0,,,0,5,0,1,1,,0,

#DIRコラボダンジョン：DUM SPIRO SPERO(ID:2003051)配置,
74021001,Dark Angel Statue,0,0,0,0,,,0,5,0,1,1,,0,
74021002,Teleport Machine,5,0,0,0,,,0,5,0,0,1,,0,
74021003,Teleport Machine,5,0,0,0,,,0,5,0,0,1,,0,
74021004,Teleport Machine,5,0,0,0,,,0,5,0,0,1,,0,
74021005,Teleport Machine,5,0,0,0,,,0,5,0,0,1,,0,
74021006,Teleport Machine,5,0,0,0,,,0,5,0,0,1,,0,

#DIRコラボダンジョン：流転の塔A(ID:2003052)配置,
74021101,Dark Angel Statue,0,0,0,0,,,0,5,0,1,1,,0,
74021106,Teleport Machine,5,0,0,0,,,0,5,0,0,1,,0,
74021111,Recovery Spring,1,0,0,180,,,0,5,0,0,1,,0,

#DIRコラボダンジョン：流転の塔B(ID:2003054)配置,
74021102,Dark Angel Statue,0,0,0,0,,,0,5,0,1,1,,0,
74021201,Statue of the Spirit of Disconcert,1,0,0,290,,,0,5,0,0,1,,0,
74021202,Statue of the Sentinel of Disconcert,1,0,0,290,,,0,5,0,0,1,,0,
74021203,Statue of the Lady of Disconcert,1,0,0,290,,,0,5,0,0,1,,0,
74021107,Teleport Machine,5,0,0,0,,,0,5,0,0,1,,0,
74021112,Recovery Spring,1,0,0,180,,,0,5,0,0,1,,0,

#DIRコラボダンジョン：流転の塔C(ID:2003055)配置,
74021103,Dark Angel Statue,0,0,0,0,,,0,5,0,1,1,,0,
74021301,Singing Slate,1,0,0,180,,,0,5,0,0,1,,0,
74021302,Singing Slate,1,0,0,180,,,0,5,0,0,1,,0,
74021303,Singing Slate,1,0,0,180,,,0,5,0,0,1,,0,
74021304,Singing Slate,1,0,0,180,,,0,5,0,0,1,,0,
74021305,Singing Slate,1,0,0,180,,,0,5,0,0,1,,0,
74021306,Singing Slate,1,0,0,180,,,0,5,0,0,1,,0,
74021307,Singing Slate,1,0,0,180,,,0,5,0,0,1,,0,
74021308,Singing Slate,1,0,0,180,,,0,5,0,0,1,,0,
74021309,Singing Slate,1,0,0,180,,,0,5,0,0,1,,0,
74021108,Teleport Machine,5,0,0,0,,,0,5,0,0,1,,0,
74021113,Recovery Spring,1,0,0,180,,,0,5,0,0,1,,0,

#DIRコラボダンジョン：流転の塔D(ID:2003056)配置,
74021104,Dark Angel Statue,0,0,0,0,,,0,5,0,1,1,,0,
74021401,Items of the Deceased,1,0,0,80,,,0,5,0,0,1,,0,
74021402,Items of the Deceased,1,0,0,80,,,0,5,0,0,1,,0,
74021403,Items of the Deceased,1,0,0,80,,,0,5,0,0,1,,0,
74021109,Teleport Machine,5,0,0,0,,,0,5,0,0,1,,0,

#DIRコラボダンジョン：流転の塔E(ID:2003057)配置,
74021105,Dark Angel Statue,0,0,0,0,,,0,5,0,1,1,,0,
74021501,Rubble Pile,1,0,0,80,,,0,5,0,0,1,,0,
74021502,Rubble Pile,1,0,0,80,,,0,5,0,0,1,,0,
74021503,Rubble Pile,1,0,0,80,,,0,5,0,0,1,,0,
74021504,Rubble Pile,1,0,0,80,,,0,5,0,0,1,,0,
74021505,Rubble Pile,1,0,0,80,,,0,5,0,0,1,,0,
74021506,Rubble Pile,1,0,0,80,,,0,5,0,0,1,,0,
74021507,Rubble Pile,1,0,0,80,,,0,5,0,0,1,,0,
74021508,Rubble Pile,1,0,0,80,,,0,5,0,0,1,,0,
74021509,Rubble Pile,1,0,0,80,,,0,5,0,0,1,,0,
74021510,Rubble Pile,1,0,0,80,,,0,5,0,0,1,,0,
74021110,Teleport Machine,5,0,0,0,,,0,5,0,0,1,,0,

#サブダンジョン：夢幻の試練場(ID:2002015)配置,
74022011,Teleport Machine,5,0,0,0,,,0,5,0,0,1,,0,
74022012,Teleport Machine,5,0,0,0,,,0,5,0,0,1,,0,
74022013,Sacred Horse Statue,4,0,0,0,,,0,5,0,0,1,,0,
74022014,Teleport Machine,5,0,0,0,,,0,5,0,0,1,,0,
74022021,Returning Terminal,5,0,0,0,,,0,5,0,0,1,,0,
74022031,Recovery Spring,1,0,0,180,,,0,5,0,0,1,,0,
74022111,Teleport Machine,5,0,0,0,,,0,5,0,0,1,,0,
74022112,Teleport Machine,5,0,0,0,,,0,5,0,0,1,,0,
74022113,Sacred Horse Statue,4,0,0,0,,,0,5,0,0,1,,0,
74022114,Teleport Machine,5,0,0,0,,,0,5,0,0,1,,0,
74022131,Recovery Spring,1,0,0,180,,,0,5,0,0,1,,0,
74022201,Dark Angel Statue,0,0,0,0,,,0,5,0,1,1,,0,
74022211,Teleport Machine,5,0,0,0,,,0,5,0,0,1,,0,
74022212,Teleport Machine,5,0,0,0,,,0,5,0,0,1,,0,
74022213,Sacred Horse Statue,4,0,0,0,,,0,5,0,0,1,,0,
74022214,Teleport Machine,5,0,0,0,,,0,5,0,0,1,,0,
74022222,Returning Terminal,5,0,0,0,,,0,5,0,0,1,,0,
74022231,Recovery Spring,1,0,0,180,,,0,5,0,0,1,,0,


#固有ＮＰＣ,,,,,,,,,5,
#80000001,NPC Sample,0,,,,,,0,5,0,0,99,,0,
80000002,Shop Clerk,0,,,,,,0,5,0,0,99,Royal Shop,0,
80000003,Shop Clerk,0,,,,,,0,5,0,0,99,Cloak Room,0,
80000004,Gear,0,,,,,,0,5,0,0,99,Adventurer's Guild Staff,0,
80000005,Poker Vames,0,,,,,,0,5,0,0,99,Adventurer's Guild Staff,0,
80000006,Vasche,0,,,,,,0,5,0,0,99,Adventurer's Guild Staff,0,
80000007,Ordell,0,,,,,,0,5,0,0,99,Taxi Driver,0,
80000008,,16,0,0,0,,,0,5,0,0,1,,0,
80000009,Receptionist,0,,,,,,0,5,0,0,99,Union Clerk,0,
80000010,Map Stamper,0,,,,,,0,5,0,0,99,Cartographer,0,
80000011,,17,0,0,0,,,0,5,0,0,1,,0,
80000012,,18,0,0,0,,,0,5,0,0,1,,0,
80000013,Obliviana,0,,,,,,0,5,0,0,99,Oblivion Apostleship,0,
80000014,Employee,0,,,,,,0,5,0,0,99,Pouch Exchange,0,
80000015,Peddler,0,,,,,,0,5,0,0,99,,0,
80000016,Bistros,7,0,0,0,,,0,5,0,0,99,Servant Ghost,0,
80000017,Employee,0,,,,,,0,5,0,0,99,Auction,0,
80000018,Employee,0,,,,,,0,5,0,0,99,Auction,0,
80000019,Employee,0,,,,,,0,5,0,0,99,Auction,0,
80000020,Elesoze,0,,,,,,0,5,0,0,99,Minstrel,0,
80000021,Dimento Camp Distribution Contact,0,,,,,,0,5,0,0,99,,0,
80000022,Arcana,0,,,,,,0,5,0,0,99,Ancient Magic Control,0,
80000026,Special Item Distributor,0,,,,,,0,5,0,0,99,,0,
80100001,,16,0,0,0,,,0,5,0,0,1,,0,
89000008,,16,0,0,0,,,0,5,0,0,1,,0,
89000009,Shop Clerk,0,,,,,,0,5,0,0,99,Lil Royal Shop,0,

#期間イベント用ＮＰＣ,,,,,,,,,5,
89000010,Mr. Pumpkin,0,,,,,,0,5,0,0,99,Ghost Defender,0,
89000011,Madam Candy,0,,,,,,901,901,1,1,99,Ghost Defender,0,
89000012,Marty,7,0,0,0,,,0,5,0,0,99,Ghost Defender,0,
89000013,Joseph,0,,,,,,0,5,0,0,99,Adventurer's Guild Special Staff ,0,
89000014,Jonni,8,0,0,40,,,0,5,0,0,99,Leader to the Boundary,0,
89000015,,16,0,0,0,,,0,5,0,0,1,,0,
89000016,Rinty,0,,,,,,0,5,0,0,99,Chocolatier,0,
89000017,Deva,0,,,,,,0,5,0,0,99,Chocolatier,0,
89000018,,1,0,0,100,,,0,5,0,0,1,,0,
89001001,Gallatorro,23,,,,,,0,5,0,0,99,Event Dungeon Guide,0,

#メインＮＰＣ,,,,,,,,,5,
81000001,Zero,0,,,,,,0,5,0,0,99,AAA,0,
81000002,Arahawi,0,,,,,,0,5,0,0,99,Masked Aristocrat,0,
81000003,Mielinct,0,,,,,,0,5,0,0,99,Follower,0,
81000004,Bersche,0,,,,,,0,5,0,0,99,Knight,0,
81000005,Sade,0,,,,,,0,5,0,0,99,Beauty of the Pitch,0,
81000006,Colrud,0,,,,,,0,5,0,0,99,Three Leaders,0,
81000007,Noeintatter,0,,,,,,0,5,0,0,99,Three Leaders,0,
81000008,Smelch,0,,,,,,0,5,0,0,99,Three Leaders,0,
81000009,Louche,0,,,,,,0,5,0,0,99,The Little Captive,0,

#イベント用ＮＰＣ,,,,,,,,,5,
81001001,Dimento the 5th,0,,,,,,0,5,0,0,99,King of Dimento,0,
81001002,Dimento the 6th,0,,,,,,0,5,0,0,99,King of Dimento,0,
81001003,Dimento the 7th,0,,,,,,0,5,0,0,99,King of Dimento,0,
81001004,Dimento the 8th,0,,,,,,0,5,0,0,99,King of Dimento,0,
81001005,Carcosas,0,,,,,,0,5,0,0,99,Inoverche Priest,0,
81001006,Chelle,0,,,,,,0,5,0,0,99,Novice Artist,0,
81001007,Duram,0,,,,,,0,5,0,0,99,Curse Bringer,0,
81001008,Gaston,0,,,,,,0,5,0,0,99,100% Success Rate,0,
81001009,Melan,0,,,,,,0,5,0,0,99,Scholar,0,
81001010,Aytas,0,,,,,,0,5,0,0,99,Architect,0,
81002001,Zeo,0,,,,,,0,5,0,0,99,Adventurer,0,
81002002,Chloe,0,,,,,,0,5,0,0,99,Vorge's Wife,0,

#賑やかし用ＮＰＣ（汎用メッセージを表示）,,,,,,,,,5,
82000001,,0,,,,,,0,5,0,0,1,,0,
82000002,,0,,,,,,0,5,0,0,1,,0,
82000003,,0,,,,,,0,5,0,0,1,,0,
82000004,,0,,,,,,0,5,0,0,1,,0,
82000005,,0,,,,,,0,5,0,0,1,,0,
82000006,,0,,,,,,0,5,0,0,1,,0,

#デバッグ用,,,,,,,,,5,
90000001,Dialog NPC Sample,0,,,,,,0,5,0,0,99,,0,
90000002,Shop NPC Sample,0,,,,,,0,5,0,0,99,,0,
90000003,Selection NPC Sample,0,,,,,,0,5,0,0,99,,0,
90000004,Map Change NPC Sample,0,,,,,,0,5,0,0,99,,0,
90000005,Number Entry NPC Sample,0,,,,,,0,5,0,0,99,,0,
90000006,Skill Check,0,,,,,,0,5,0,0,99,Skill Check,0,
90000007,Weapon Check,0,,,,,,0,5,0,0,99,Weapon Check,0,
90000008,Armor Check,0,,,,,,0,5,0,0,99,Armor Check,0,
90000009,Item Check,0,,,,,,0,5,0,0,99,Item Check,0,
90000010,Hatamoto,0,,,,,,0,5,0,0,99,,0,
90000011,Oooku,0,,,,,,0,5,0,0,99,,0,
90000012,Ashgar,0,,,,,,0,5,0,0,99,,0,
90000013,Quest Test 1,0,,,,,,0,5,0,0,99,,0,
90000014,Muse,0,,,,,,0,5,0,0,99,Bard,0,
90000015,Quest Test 2,0,,,,,,0,5,0,0,99,,0,
90000016,Quest Test 3,0,,,,,,0,5,0,0,99,,0,
90000017,Quest Test 4,0,,,,,,0,5,0,0,99,,0,
90000018,Quest Test 5,0,,,,,,0,5,0,0,99,,0,
90000019,Quest Test 6,0,,,,,,0,5,0,0,99,Test,0,
90000020,Mirwan,0,,,,,,0,5,0,0,99,Guider of Souls,0,
90000021,Demo Scene Check NPC,0,,,,,,0,5,0,0,99,Demo Scene Check NPC,0,
90000022,Orville,0,,,,,,0,5,0,0,99,Taxi Service,0,
90000023,John,0,,,,,,0,5,0,0,99,Palace Guard,0,
90000024,Message,0,,,,,,0,5,0,0,99,Error Message,0,
90000025,Quest Test 7,0,,,,,,0,5,0,0,99,,0,
90000026,Quest Test 8,0,,,,,1,213,213,1,0,99,,0,
90000027,Skill Test,0,,,,,,213,213,0,0,99,Skill Test,0,
90000028,Slate,10,0,0,180,,,0,5,0,0,1,,0,
90000029,Slate,11,0,0,180,,,0,5,0,0,1,,0,
90000030,Slate,12,0,0,180,,,0,5,0,0,1,,0,
90000031,Canam,0,,,,,,0,5,0,0,99,Jeweler,0,
90000032,Gunter,0,,,,,,0,5,0,0,99,Guide,0,
90000033,Kurt,0,,,,,,213,213,1,1,99,Former Wealthy Adventurer,0,
90000034,Azarm,0,,,,,,0,5,0,0,99,Dungeon Maker,0,
90000035,Paul at Large,16,0,0,0,,,0,5,0,0,1,Dungeon Guide,0,
90000036,Gorrian,0,,,,,,0,5,0,0,99,Socket Weapon Merchant,0,
90000037,,0,,,,,,0,5,0,0,99,,0,
90000099,Judy,0,,,,,,0,5,0,0,99,Recovery Test,0,
90000100,Soul Rank Up,0,,,,,,0,5,0,0,99,Soul Rank Up,0,
90000101,偽マリー,23,0,0,0,,,0,5,0,0,99,好感度テスト,0,
90000102,ピタゴラトーチ,0,0,0,0,,,0,5,0,0,1,エフェクトオンオフテスト,0,
90000103,ロッテ,0,,,,,,0,5,1,0,99,お口の恋人,0,
98901256,Lime Light,0,,,,,,0,5,0,0,99,"For OS Debugging (Dangerous, Do not Use)",0,
99999001,Test NPC 1,23,0,0,0,,,0,5,0,0,99,Soul Rank,0,
99999002,Reset,0,,,,,,0,5,0,0,99,Flag / Variable,0,
99999003,Instance,0,,,,,,0,5,0,0,99,Creation Test,0,
99999998,実装テスト用NPC,0,,,,,,0,5,0,0,99,,0,
99999999,Cheat NPC,0,,,,,,0,5,0,0,99,,0,


